antecedent,consequent,support,confidence,lift,segment
Cucumber Kirby,Banana,0.0181,0.3307748538011696,1.5164115610010986,Sleeping
Cucumber Kirby,Organic Avocado,0.0091,0.16630116959064328,1.8698130154108756,Sleeping
Cucumber Kirby,Organic Baby Spinach,0.00949,0.17342836257309943,1.5183712359753059,Sleeping
Boneless Skinless Chicken Breasts,Banana,0.00753,0.2857685009487666,1.310083440832378,Sleeping
Fresh Cauliflower,Organic Baby Spinach,0.00628,0.1853053998229566,1.6223551026348852,Sleeping
Michigan Organic Kale,Organic Avocado,0.0055,0.15745777268823358,1.7703819731080905,Sleeping
Michigan Organic Kale,Organic Baby Spinach,0.00726,0.20784425994846834,1.8196835926148514,Sleeping
Asparagus,Organic Baby Spinach,0.00529,0.176686706746827,1.5468981504712571,Sleeping
Red Peppers,Banana,0.00846,0.2984126984126984,1.3680497795475104,Sleeping
Large Lemon,Organic Avocado,0.0122,0.15811301192327631,1.7777491783593018,Sleeping
Large Lemon,Organic Baby Spinach,0.0121,0.1568170036288232,1.37293822122941,Sleeping
Yellow Onions,Banana,0.01237,0.302371058420924,1.3861965727819374,Sleeping
Yellow Onions,Large Lemon,0.00618,0.1510633097042288,1.9577930236421563,Sleeping
Organic Strawberries,Organic Baby Spinach,0.01662,0.1561736515692539,1.3673056519808604,Sleeping
Organic Strawberries,Bag of Organic Bananas,0.02023,0.1900958466453674,1.3918278418902283,Sleeping
Organic Raspberries,Organic Strawberries,0.01017,0.22559893522626442,2.1198922686174066,Sleeping
Organic Raspberries,Organic Hass Avocado,0.00816,0.18101153504880213,2.229206096660125,Sleeping
Organic Raspberries,Bag of Organic Bananas,0.01102,0.24445430346051464,1.7898250363194803,Sleeping
Organic Grape Tomatoes,Organic Strawberries,0.00639,0.1667971808927173,1.5673480632655263,Sleeping
Organic Grape Tomatoes,Organic Baby Spinach,0.00777,0.20281910728269384,1.7756882094440014,Sleeping
Organic Grape Tomatoes,Organic Avocado,0.00663,0.173061863743148,1.9458271165184167,Sleeping
Organic Blackberries,Organic Strawberries,0.00508,0.19220582671206965,1.806106246119805,Sleeping
Organic Avocado,Banana,0.02779,0.31245783674387223,1.4324386225822778,Sleeping
Organic Avocado,Organic Baby Spinach,0.01705,0.19170227119406338,1.6783599299077516,Sleeping
"Banana, Organic Baby Spinach",Organic Avocado,0.00605,0.2290798939795532,2.575667798285959,Sleeping
"Banana, Organic Avocado",Organic Baby Spinach,0.00605,0.21770421014753508,1.9060077932720634,Sleeping
"Organic Avocado, Organic Baby Spinach",Banana,0.00605,0.3548387096774194,1.6267304344996991,Sleeping
Red Vine Tomato,Banana,0.00766,0.2863551401869159,1.312772842740182,Sleeping
Large Lemon,Limes,0.01421,0.1841627786417833,2.697170161713288,Sleeping
Limes,Large Lemon,0.01421,0.20811364967779733,2.697170161713288,Sleeping
Limes,Organic Avocado,0.01238,0.1813122437024019,2.0385905520845724,Sleeping
Blueberries,Banana,0.00849,0.3159657610718273,1.4485204285143138,Sleeping
Bunched Cilantro,Limes,0.00714,0.2894203486015403,4.2387280111531975,Sleeping
Small Hass Avocado,Banana,0.00648,0.30667297681022243,1.4059183826627353,Sleeping
Organic Lemon,Organic Strawberries,0.00602,0.16314363143631436,1.5330166457086483,Sleeping
Organic Lemon,Organic Hass Avocado,0.0086,0.23306233062330622,2.8702257465924412,Sleeping
Organic Lemon,Bag of Organic Bananas,0.00793,0.2149051490514905,1.5734745134828707,Sleeping
Organic Lemon,Organic Baby Spinach,0.00608,0.16476964769647695,1.4425638915818328,Sleeping
Organic Baby Carrots,Organic Baby Spinach,0.00691,0.19221140472878998,1.6828174113884606,Sleeping
Organic Baby Carrots,Organic Strawberries,0.00556,0.15465924895688454,1.4532911948589038,Sleeping
Organic Yellow Onion,Organic Baby Spinach,0.00938,0.19065040650406503,1.669150818631282,Sleeping
Organic Yellow Onion,Organic Garlic,0.01064,0.216260162601626,4.134203070189753,Sleeping
Organic Garlic,Organic Yellow Onion,0.01064,0.20340279105333586,4.134203070189753,Sleeping
Organic Yellow Onion,Organic Hass Avocado,0.00792,0.16097560975609757,1.9824582482278026,Sleeping
Organic Baby Arugula,Organic Baby Spinach,0.00671,0.18901408450704227,1.6548247636757334,Sleeping
Organic Baby Arugula,Organic Avocado,0.00554,0.156056338028169,1.754624893503137,Sleeping
Apple Honeycrisp Organic,Bag of Organic Bananas,0.00638,0.2104221635883905,1.5406513661472432,Sleeping
Apple Honeycrisp Organic,Organic Strawberries,0.00551,0.1817282321899736,1.7076511199959934,Sleeping
Apple Honeycrisp Organic,Organic Hass Avocado,0.00516,0.17018469656992083,2.095870647412818,Sleeping
Lime Sparkling Water,Sparkling Water Grapefruit,0.00511,0.23900841908325537,6.428413638602889,Sleeping
Carrots,Organic Baby Spinach,0.00574,0.17965571205007827,1.572891893276819,Sleeping
Organic Blueberries,Organic Strawberries,0.01022,0.22397545474468553,2.1046368609724255,Sleeping
Organic Blueberries,Bag of Organic Bananas,0.00842,0.18452772298926148,1.3510596206564758,Sleeping
Organic Red Onion,Organic Garlic,0.00539,0.1809939556749496,3.4600259161718525,Sleeping
Organic Red Onion,Limes,0.00551,0.1850235057085292,2.7097760062760576,Sleeping
Organic Red Onion,Organic Baby Spinach,0.00575,0.19308260577568837,1.690444806300896,Sleeping
Organic Gala Apples,Bag of Organic Bananas,0.00621,0.24594059405940594,1.800707234290569,Sleeping
Original Hummus,Organic Baby Spinach,0.00537,0.15887573964497043,1.3909625253455649,Sleeping
Organic Whole Milk,Organic Strawberries,0.00838,0.17161580995289782,1.6126274192153527,Sleeping
Organic Ginger Root,Organic Baby Spinach,0.00551,0.2349680170575693,2.057153012235767,Sleeping
Organic Ginger Root,Organic Garlic,0.00524,0.223454157782516,4.271729263668821,Sleeping
Organic Large Extra Fancy Fuji Apple,Bag of Organic Bananas,0.00684,0.2746987951807229,2.011266621618999,Sleeping
Organic Cucumber,Organic Hass Avocado,0.0062,0.19903691813804172,2.451193573128593,Sleeping
Organic Cucumber,Bag of Organic Bananas,0.00715,0.22953451043338682,1.6805865458587408,Sleeping
Organic Cucumber,Organic Strawberries,0.00593,0.19036918138041733,1.7888477859464136,Sleeping
Organic Cucumber,Organic Baby Spinach,0.00689,0.22118780096308185,1.9365067498081059,Sleeping
Hass Avocados,Bag of Organic Bananas,0.00571,0.20524802300503234,1.5027677771638037,Sleeping
Jalapeno Peppers,Limes,0.00644,0.27380952380952384,4.010098474070356,Sleeping
Organic Cilantro,Limes,0.00819,0.28656403079076276,4.196895588616912,Sleeping
Organic Cilantro,Organic Baby Spinach,0.0052,0.18194541637508746,1.5929383328233886,Sleeping
Organic Hass Avocado,Bag of Organic Bananas,0.0181,0.22290640394088673,1.6320574311091427,Sleeping
Organic Hass Avocado,Organic Baby Spinach,0.01429,0.17598522167487687,1.5407566247143833,Sleeping
Organic Hass Avocado,Organic Strawberries,0.01346,0.16576354679802957,1.5576352828230555,Sleeping
Organic Fuji Apple,Banana,0.0125,0.34906450712091597,1.6002590524958327,Sleeping
Organic Garlic,Organic Baby Spinach,0.01084,0.20722615178742115,1.814272034559807,Sleeping
Organic Garlic,Organic Avocado,0.00791,0.15121391703307208,1.700178963717923,Sleeping
Organic Garlic,Large Lemon,0.00848,0.16211049512521505,2.1009654630017502,Sleeping
Organic Garlic,Limes,0.00874,0.16708086407952588,2.4469956660739003,Sleeping
Organic Zucchini,Organic Baby Spinach,0.00845,0.2046500363284088,1.7917180557556365,Sleeping
Organic Small Bunch Celery,Organic Baby Spinach,0.00552,0.19327731092436976,1.6921494565257376,Sleeping
Organic Small Bunch Celery,Bag of Organic Bananas,0.00534,0.1869747899159664,1.3689763502413705,Sleeping
Raspberries,Strawberries,0.00623,0.19578881206788185,2.7310477342430164,Sleeping
Organic Italian Parsley Bunch,Organic Garlic,0.00526,0.2120112857718662,4.052978126015412,Sleeping
Honeycrisp Apple,Banana,0.01281,0.35822147651006714,1.642238465640064,Sleeping
Honeycrisp Apple,Organic Baby Spinach,0.00542,0.15156599552572708,1.3269654659930579,Sleeping
Organic Red Bell Pepper,Organic Strawberries,0.00512,0.19654510556621882,1.846881277637839,Sleeping
Broccoli Crown,Banana,0.00679,0.3283365570599613,1.5052333794524426,Sleeping
Organic Tomato Cluster,Bag of Organic Bananas,0.00504,0.18632162661737522,1.3641940739301157,Sleeping
Seedless Red Grapes,Banana,0.01119,0.3143258426966292,1.441002350417775,Sleeping
Seedless Red Grapes,Organic Strawberries,0.00575,0.16151685393258428,1.5177302568369129,Sleeping
Organic Peeled Whole Baby Carrots,Banana,0.00775,0.28471711976487873,1.3052634656621223,Sleeping
Organic Garlic,Organic Baby Spinach,0.0102,0.19402701160357622,1.7272946817731347,Premium
Organic Garlic,Organic Hass Avocado,0.00923,0.1755754232451969,1.66769968887915,Premium
Organic Yellow Onion,Organic Garlic,0.01004,0.19928543072647875,3.7908584882343304,Premium
Organic Garlic,Organic Yellow Onion,0.01004,0.1909834506372456,3.790858488234331,Premium
Organic Yellow Onion,Organic Baby Spinach,0.00858,0.1703056768558952,1.5161192633837373,Premium
Organic Yellow Onion,Organic Hass Avocado,0.00917,0.18201667328304882,1.728881775104947,Premium
"Banana, Organic Baby Spinach",Organic Strawberries,0.00559,0.22668288726682886,1.5312272849691222,Premium
"Banana, Organic Strawberries",Organic Baby Spinach,0.00559,0.1712622549019608,1.5246350476449817,Premium
"Bag of Organic Bananas, Organic Baby Spinach",Organic Strawberries,0.00588,0.25733041575492344,1.7382492282823794,Premium
"Organic Baby Spinach, Organic Strawberries",Bag of Organic Bananas,0.00588,0.27644569816643155,1.6230006350404012,Premium
"Bag of Organic Bananas, Organic Strawberries",Organic Baby Spinach,0.00588,0.17904993909866015,1.5939636704233968,Premium
Organic Raspberries,Organic Strawberries,0.01687,0.27333117303953336,1.8463332412829867,Premium
Organic Raspberries,Bag of Organic Bananas,0.01796,0.2909915748541802,1.7083988425654917,Premium
Organic Raspberries,Organic Hass Avocado,0.01154,0.18697342838626055,1.7759634155229915,Premium
"Bag of Organic Bananas, Organic Strawberries",Organic Raspberries,0.00534,0.16260657734470157,2.634584856524653,Premium
"Bag of Organic Bananas, Organic Raspberries",Organic Strawberries,0.00534,0.2973273942093541,2.0084260619383554,Premium
"Organic Raspberries, Organic Strawberries",Bag of Organic Bananas,0.00534,0.3165382335506817,1.8583821613965932,Premium
"Bag of Organic Bananas, Organic Hass Avocado",Organic Raspberries,0.00501,0.17052416609938734,2.762867240754818,Premium
"Organic Hass Avocado, Organic Raspberries",Bag of Organic Bananas,0.00501,0.4341421143847487,2.5488294157503004,Premium
"Bag of Organic Bananas, Organic Raspberries",Organic Hass Avocado,0.00501,0.2789532293986637,2.6496317382091914,Premium
Organic Blueberries,Organic Strawberries,0.01328,0.27981458069953646,1.890128213317593,Premium
Organic Tomato Cluster,Organic Baby Spinach,0.00531,0.1650606154802611,1.469425936795701,Premium
Organic Tomato Cluster,Bag of Organic Bananas,0.00753,0.23406900839291267,1.3742089379023816,Premium
Organic Tomato Cluster,Organic Hass Avocado,0.00656,0.20391669257071807,1.9368986756337203,Premium
Organic Tomato Cluster,Organic Strawberries,0.00735,0.22847373329188686,1.5433243264785657,Premium
Organic Italian Parsley Bunch,Organic Baby Spinach,0.00535,0.1819109146548793,1.6194330513209232,Premium
Organic Italian Parsley Bunch,Organic Garlic,0.00551,0.1873512410744645,3.5638432770489725,Premium
Seedless Red Grapes,Organic Strawberries,0.00729,0.20593220338983048,1.3910578451082847,Premium
Seedless Red Grapes,Banana,0.01116,0.31525423728813556,1.455198658087775,Premium
Organic Hass Avocado,Bag of Organic Bananas,0.02938,0.27906534954407297,1.638380494006182,Premium
Bag of Organic Bananas,Organic Hass Avocado,0.02938,0.1724886984089708,1.6383804940061817,Premium
Organic Baby Spinach,Organic Hass Avocado,0.01696,0.15098370871539216,1.4341157742723418,Premium
Organic Hass Avocado,Organic Baby Spinach,0.01696,0.16109422492401215,1.4341157742723418,Premium
Organic Hass Avocado,Organic Strawberries,0.02478,0.23537234042553193,1.5899239423502562,Premium
Organic Strawberries,Organic Hass Avocado,0.02478,0.16738719265063495,1.589923942350256,Premium
"Bag of Organic Bananas, Organic Baby Spinach",Organic Hass Avocado,0.00561,0.2455142231947484,2.3320119984303607,Premium
"Organic Baby Spinach, Organic Hass Avocado",Bag of Organic Bananas,0.00561,0.33077830188679247,1.9419849814289465,Premium
"Bag of Organic Bananas, Organic Hass Avocado",Organic Baby Spinach,0.00561,0.19094622191967325,1.6998684404849396,Premium
"Bag of Organic Bananas, Organic Hass Avocado",Organic Strawberries,0.0086,0.292716133424098,1.977277313051189,Premium
"Organic Hass Avocado, Organic Strawberries",Bag of Organic Bananas,0.0086,0.3470540758676352,2.0375393405015862,Premium
"Bag of Organic Bananas, Organic Strawberries",Organic Hass Avocado,0.0086,0.2618757612667479,2.487421744554976,Premium
Michigan Organic Kale,Organic Baby Spinach,0.00693,0.20798319327731093,1.8515373744975603,Premium
Michigan Organic Kale,Organic Hass Avocado,0.00542,0.16266506602641057,1.5450709159043556,Premium
Bunched Cilantro,Limes,0.00572,0.26592282659228267,4.120279308836112,Premium
Organic Baby Carrots,Organic Strawberries,0.00733,0.215461493239271,1.4554275414703526,Premium
Organic Baby Carrots,Organic Baby Spinach,0.00581,0.17078189300411523,1.5203587020752714,Premium
Organic Red Bell Pepper,Organic Strawberries,0.0069,0.23817742492233346,1.6088720948549948,Premium
Organic Red Bell Pepper,Organic Hass Avocado,0.00603,0.2081463583016914,1.9770740720145459,Premium
Organic Granny Smith Apple,Bag of Organic Bananas,0.00638,0.2391304347826087,1.4039243514507644,Premium
Organic Kiwi,Organic Strawberries,0.00693,0.27532777115613827,1.8598201239944492,Premium
Organic Kiwi,Bag of Organic Bananas,0.00674,0.26777910210568134,1.5721194276151078,Premium
Organic Kiwi,Organic Hass Avocado,0.00514,0.20421136273341275,1.939697594352325,Premium
Organic D'Anjou Pears,Bag of Organic Bananas,0.0063,0.28162717925793473,1.6534208845061629,Premium
Organic D'Anjou Pears,Organic Strawberries,0.0056,0.2503352704514975,1.6909975037253275,Premium
Organic Large Extra Fancy Fuji Apple,Bag of Organic Bananas,0.0104,0.28872848417545804,1.6951123359094582,Premium
Organic Large Extra Fancy Fuji Apple,Organic Hass Avocado,0.00644,0.1787895613548029,1.6982291162120335,Premium
Organic Large Extra Fancy Fuji Apple,Organic Strawberries,0.00884,0.24541921154913937,1.657789864557818,Premium
Organic Whole Milk,Organic Strawberries,0.01414,0.20457175925925924,1.381868138741281,Premium
Organic Whole String Cheese,Organic Hass Avocado,0.00536,0.17493472584856398,1.6616140373153874,Premium
Organic Whole String Cheese,Bag of Organic Bananas,0.00704,0.2297650130548303,1.3489403690179669,Premium
Organic Whole String Cheese,Organic Strawberries,0.00821,0.26795039164490864,1.809986433699734,Premium
Organic Small Bunch Celery,Bag of Organic Bananas,0.00728,0.2234499693063229,1.3118650226403035,Premium
Organic Small Bunch Celery,Organic Hass Avocado,0.00595,0.18262737875997548,1.734682549011925,Premium
Organic Small Bunch Celery,Organic Strawberries,0.00644,0.19766728054020874,1.3352288607147307,Premium
Organic Small Bunch Celery,Organic Baby Spinach,0.00624,0.19152854511970535,1.7050524803677143,Premium
Organic Unsweetened Almond Milk,Bag of Organic Bananas,0.00659,0.22945682451253485,1.347131007529706,Premium
Organic Unsweetened Almond Milk,Organic Baby Spinach,0.0051,0.1775766016713092,1.580847517771826,Premium
Organic Avocado,Banana,0.02577,0.31175901282361485,1.4390648671695663,Premium
Organic Avocado,Organic Baby Spinach,0.01377,0.16658601500120976,1.483005563974092,Premium
Organic Grape Tomatoes,Organic Strawberries,0.00929,0.2317286106260913,1.5653107986091008,Premium
Organic Grape Tomatoes,Organic Baby Spinach,0.00751,0.1873285108505862,1.6676623417661016,Premium
Organic Grape Tomatoes,Organic Hass Avocado,0.00668,0.16662509353953606,1.5826851590001525,Premium
Organic Navel Orange,Bag of Organic Bananas,0.0056,0.3135498320268757,1.840837386408006,Premium
Honeycrisp Apple,Banana,0.01373,0.361506055818852,1.6686948662243906,Premium
Organic Red Onion,Organic Hass Avocado,0.00525,0.18191268191268192,1.7278940151280577,Premium
Organic Red Onion,Organic Baby Spinach,0.00533,0.18468468468468466,1.6441260988576931,Premium
Organic Reduced Fat Milk,Banana,0.0056,0.3167420814479638,1.4620664764030824,Premium
Organic Fuji Apple,Banana,0.0171,0.40263715563927477,1.858554078837125,Premium
Apple Honeycrisp Organic,Bag of Organic Bananas,0.00875,0.25765606595995294,1.5126875239825803,Premium
Apple Honeycrisp Organic,Organic Strawberries,0.00693,0.20406360424028272,1.3784355866001263,Premium
Apple Honeycrisp Organic,Organic Hass Avocado,0.00607,0.17873969375736162,1.6977554498229637,Premium
Fresh Cauliflower,Organic Baby Spinach,0.00595,0.17943305186972255,1.5973742710738232,Premium
Organic Peeled Whole Baby Carrots,Organic Strawberries,0.006,0.21513087128002867,1.453194212915622,Premium
Yellow Onions,Banana,0.00958,0.3071497274767554,1.4177886238771944,Premium
Carrots,Organic Baby Spinach,0.00609,0.1715492957746479,1.5271903834652176,Premium
Organic Gala Apples,Organic Hass Avocado,0.00574,0.1741504854368932,1.654164945259244,Premium
Organic Gala Apples,Bag of Organic Bananas,0.0086,0.2609223300970874,1.5318636182533163,Premium
Organic Gala Apples,Organic Strawberries,0.00788,0.2390776699029126,1.6149531876716603,Premium
Large Lemon,Limes,0.01099,0.18186331292404434,2.8178387499851927,Premium
Limes,Large Lemon,0.01099,0.1702819956616052,2.817838749985193,Premium
Large Lemon,Organic Avocado,0.0097,0.16051629985106736,1.9418860373949596,Premium
Large Lemon,Organic Baby Spinach,0.00908,0.1502564951183187,1.337634604454008,Premium
Limes,Organic Avocado,0.01041,0.16129532073132943,1.951310437107784,Premium
Limes,Organic Hass Avocado,0.01012,0.15680198326619152,1.4893805401423967,Premium
Organic Baby Arugula,Organic Baby Spinach,0.00651,0.18348365276211953,1.6334341027518875,Premium
Organic Baby Arugula,Organic Hass Avocado,0.00617,0.17390078917700114,1.6517932102678679,Premium
Organic Cilantro,Limes,0.00667,0.23063623789764867,3.573539477806766,Premium
Organic Cilantro,Organic Baby Spinach,0.00504,0.17427385892116182,1.551445374531842,Premium
Organic Cilantro,Organic Hass Avocado,0.00537,0.18568464730290454,1.7637219538649749,Premium
Bag of Organic Bananas,Organic Strawberries,0.03284,0.19280220747959842,1.302365627395288,Premium
Organic Strawberries,Bag of Organic Bananas,0.03284,0.2218319373142394,1.302365627395288,Premium
Original Hummus,Organic Strawberries,0.00751,0.21506300114547539,1.452735754832987,Premium
Original Hummus,Organic Hass Avocado,0.00531,0.15206185567010308,1.444356531820888,Premium
Original Hummus,Organic Baby Spinach,0.00556,0.15922107674684993,1.4174403698642386,Premium
Cucumber Kirby,Banana,0.01425,0.32993748552905766,1.5229758379295497,Premium
Cucumber Kirby,Organic Baby Spinach,0.00692,0.16022227367446168,1.4263533666381347,Premium
Cucumber Kirby,Organic Avocado,0.00703,0.16276915952766843,1.9691405701387423,Premium
Strawberries,Banana,0.01772,0.2999830709327916,1.3847076760191634,Premium
Blueberries,Banana,0.0081,0.3156664068589244,1.4571012133443704,Premium
"Clementines, Bag",Banana,0.00618,0.3190500774393392,1.4727200768064033,Premium
Boneless Skinless Chicken Breasts,Banana,0.00758,0.30626262626262624,1.413693806603703,Premium
Organic Bartlett Pear,Organic Strawberries,0.00603,0.2928606119475473,1.9782532555224757,Premium
Organic Bartlett Pear,Bag of Organic Bananas,0.0057,0.2768334142787761,1.6252768994233318,Premium
Organic Zucchini,Organic Baby Spinach,0.0083,0.18302094818081588,1.6293149486407539,Premium
Organic Lemon,Organic Baby Spinach,0.00708,0.16010854816824965,1.425340943365527,Premium
Organic Lemon,Organic Hass Avocado,0.01107,0.25033921302578016,2.3778420690138695,Premium
Organic Lemon,Organic Strawberries,0.00913,0.20646766169154226,1.3946748290431117,Premium
Organic Lemon,Bag of Organic Bananas,0.01071,0.24219810040705564,1.4219344825166185,Premium
Organic Cucumber,Bag of Organic Bananas,0.00958,0.25424628450106157,1.4926688457762083,Premium
Organic Cucumber,Organic Strawberries,0.00913,0.2423036093418259,1.6367441863133336,Premium
Organic Cucumber,Organic Hass Avocado,0.00802,0.21284501061571123,2.0217041281887465,Premium
Organic Cucumber,Organic Baby Spinach,0.00743,0.19718683651804672,1.7554245216598123,Premium
Sparkling Water Grapefruit,Lime Sparkling Water,0.00628,0.18813660874775315,8.536143772584081,Premium
Lime Sparkling Water,Sparkling Water Grapefruit,0.00628,0.2849364791288566,8.536143772584081,Premium
Organic Ginger Root,Organic Garlic,0.00533,0.213627254509018,4.063672332300134,Premium
Organic Blackberries,Organic Strawberries,0.00703,0.2372595342558218,1.6026718066456485,Premium
Organic Garnet Sweet Potato (Yam),Bag of Organic Bananas,0.00512,0.23714682723483094,1.3922786780651144,Premium
Red Vine Tomato,Banana,0.00739,0.29714515480498593,1.3716079893140045,Premium
Asparagus,Organic Baby Spinach,0.00513,0.1685282522996058,1.500296023320625,Premium
Red Onion,Banana,0.00609,0.2869934024505184,1.3247479802922748,Premium
Organic Baby Spinach,Bag of Organic Bananas,0.014471703126383845,0.19484855711900786,1.5501938123102577,New
Cucumber Kirby,Banana,0.008024089983172437,0.2525083612040134,1.4191497791709882,New
Strawberries,Banana,0.012629527942609157,0.26495726495726496,1.489115220822538,New
Organic Hass Avocado,Bag of Organic Bananas,0.014453989903462935,0.24885635864592862,1.9798739751065246,New
Organic Blueberries,Organic Strawberries,0.0072269949517314675,0.18655692729766804,2.6998388440373873,New
Organic Blueberries,Bag of Organic Bananas,0.008183508989460632,0.2112482853223594,1.6806682564647406,New
Seedless Red Grapes,Banana,0.007120715614206005,0.23772915434654054,1.3360875469023343,New
Honeycrisp Apple,Banana,0.00690815693915508,0.28634361233480177,1.609310964097684,New
Organic Whole Milk,Bag of Organic Bananas,0.006518466034895049,0.1707656612529002,1.358592926442007,New
Organic Cilantro,Limes,0.005739084226374989,0.2142857142857143,4.789192399049882,New
Organic Cucumber,Bag of Organic Bananas,0.00616420157647684,0.23434343434343433,1.8644107364513225,New
Organic Lemon,Bag of Organic Bananas,0.005296253653352227,0.21526277897768178,1.7126071289719595,New
Blueberries,Banana,0.007049862722522363,0.24735860783095087,1.3902070886108842,New
Organic Fuji Apple,Banana,0.00921087591887344,0.29562251279135876,1.661460324503351,New
Organic Zucchini,Organic Baby Spinach,0.005508812328403153,0.1682900432900433,2.2658751237632706,New
Large Lemon,Limes,0.009334868479319813,0.1638172210133665,3.6612435519832163,New
Limes,Large Lemon,0.009334868479319813,0.2086302454473476,3.6612435519832167,New
Organic Strawberries,Bag of Organic Bananas,0.014099725445044725,0.20405024352730067,1.623401423102277,New
Organic Raspberries,Organic Strawberries,0.007244708174652378,0.19644572526416906,2.8429488387051176,New
Organic Raspberries,Bag of Organic Bananas,0.008626339562483393,0.233909702209414,1.8609600110248685,New
Large Lemon,Limes,0.01292,0.1768167510606268,2.7714224304173483,Loyal
Limes,Large Lemon,0.01292,0.2025078369905956,2.771422430417348,Loyal
Limes,Organic Avocado,0.01022,0.1601880877742947,1.8899019322120656,Loyal
Organic Yellow Onion,Organic Baby Spinach,0.00827,0.1730125523012552,1.612268682333941,Loyal
Organic Yellow Onion,Organic Hass Avocado,0.00818,0.1711297071129707,2.032177973078859,Loyal
Bunched Cilantro,Limes,0.00617,0.2688453159041394,4.213876424829771,Loyal
Organic Unsweetened Almond Milk,Bag of Organic Bananas,0.00519,0.23346828609986506,1.5410447927383832,Loyal
Organic Hass Avocado,Bag of Organic Bananas,0.02241,0.26612041325258284,1.7565703845054974,Loyal
Organic Hass Avocado,Organic Strawberries,0.01414,0.16791354945968415,1.604218491064146,Loyal
Organic Hass Avocado,Organic Baby Spinach,0.01365,0.16209476309226936,1.5105280317982421,Loyal
Large Lemon,Organic Avocado,0.012,0.16422608457643356,1.9375422908970452,Loyal
Organic Raspberries,Organic Hass Avocado,0.00871,0.1650871872630781,1.9604226013903114,Loyal
Organic Raspberries,Bag of Organic Bananas,0.01466,0.2778620166793025,1.834072717355132,Loyal
Organic Raspberries,Organic Strawberries,0.0122,0.2312357846853677,2.20918873302157,Loyal
Organic Zucchini,Organic Hass Avocado,0.00686,0.15254614187235935,1.8114967565889961,Loyal
Organic Zucchini,Organic Baby Spinach,0.00876,0.19479653102068045,1.8152691363403266,Loyal
Honeycrisp Apple,Banana,0.01325,0.35399412236174194,1.652787946408357,Loyal
Seedless Red Grapes,Banana,0.01069,0.29579413392363035,1.3810539449231036,Loyal
Seedless Red Grapes,Organic Strawberries,0.00549,0.1519092418372994,1.4513159629053158,Loyal
Blueberries,Banana,0.00806,0.29502196193265007,1.377448697042908,Loyal
Sparkling Water Grapefruit,Lime Sparkling Water,0.00537,0.15303505272157308,7.029630350095227,Loyal
Lime Sparkling Water,Sparkling Water Grapefruit,0.00537,0.2466697289848415,7.029630350095226,Loyal
Organic Whole Milk,Organic Strawberries,0.00803,0.15495947510613664,1.4804573909060537,Loyal
Apple Honeycrisp Organic,Organic Hass Avocado,0.00546,0.1724573594440935,2.0479439430482542,Loyal
Apple Honeycrisp Organic,Bag of Organic Bananas,0.00814,0.25710675931775107,1.69707431892905,Loyal
Apple Honeycrisp Organic,Organic Strawberries,0.00535,0.1689829437776374,1.6144353088529415,Loyal
Bag of Organic Bananas,Organic Strawberries,0.02311,0.15254125412541253,1.4573541045706748,Loyal
Organic Strawberries,Bag of Organic Bananas,0.02311,0.22078914684245723,1.4573541045706748,Loyal
Organic Blueberries,Organic Strawberries,0.01017,0.22346736980883322,2.1349705723591597,Loyal
Organic Blueberries,Bag of Organic Bananas,0.00907,0.1992968578334432,1.3154908107818033,Loyal
Organic Lemon,Organic Strawberries,0.00614,0.16702937976060933,1.5957712788822904,Loyal
Organic Lemon,Organic Hass Avocado,0.00861,0.2342219804134929,2.781403401181486,Loyal
Organic Lemon,Bag of Organic Bananas,0.00849,0.23095756256800867,1.5244723601848758,Loyal
Organic Lemon,Organic Baby Spinach,0.00586,0.15941240478781282,1.4855316819291102,Loyal
Fresh Cauliflower,Organic Baby Spinach,0.00539,0.17736097400460676,1.652790737159694,Loyal
Strawberries,Banana,0.01868,0.2787643635278316,1.3015424574088692,Loyal
Organic Small Bunch Celery,Bag of Organic Bananas,0.00624,0.2050607952678278,1.3535366024279063,Loyal
Organic Small Bunch Celery,Organic Baby Spinach,0.00585,0.19224449556358858,1.791487238501431,Loyal
Organic Tomato Cluster,Bag of Organic Bananas,0.00611,0.2175925925925926,1.4362547365847695,Loyal
Organic Tomato Cluster,Organic Hass Avocado,0.00545,0.19408831908831908,2.3048131942562535,Loyal
Organic Avocado,Banana,0.02375,0.28020292590844736,1.3082590620433623,Loyal
Organic Avocado,Organic Baby Spinach,0.01401,0.16529023124115147,1.5403059476390968,Loyal
Organic Grape Tomatoes,Organic Baby Spinach,0.00685,0.17969569779643232,1.6745475519190414,Loyal
Organic Grape Tomatoes,Organic Strawberries,0.00633,0.1660545645330535,1.586458054199422,Loyal
Organic Grape Tomatoes,Organic Avocado,0.00594,0.1558237145855194,1.8384109790646461,Loyal
Organic Cucumber,Organic Strawberries,0.0064,0.1915020945541592,1.8295795791932665,Loyal
Organic Cucumber,Organic Baby Spinach,0.00631,0.18880909634949133,1.7594734540070014,Loyal
Organic Cucumber,Organic Hass Avocado,0.00653,0.19539198084979056,2.3202942744304784,Loyal
Organic Cucumber,Bag of Organic Bananas,0.00877,0.2624177139437463,1.7321301250412298,Loyal
Organic D'Anjou Pears,Bag of Organic Bananas,0.00501,0.27725511898173766,1.8300667919586644,Loyal
Organic Baby Arugula,Organic Baby Spinach,0.00567,0.17286585365853657,1.6109016276072738,Loyal
Organic Baby Carrots,Organic Baby Spinach,0.00571,0.1672524897480961,1.5585918343872527,Loyal
Organic Baby Carrots,Bag of Organic Bananas,0.00681,0.19947275922671356,1.3166518760839179,Loyal
Organic Baby Carrots,Organic Strawberries,0.00581,0.17018160515524314,1.6258871229124212,Loyal
Unsweetened Original Almond Breeze Almond Milk,Banana,0.00529,0.29339988907376596,1.3698752874860676,Loyal
Organic Yellow Onion,Organic Garlic,0.00922,0.19288702928870294,4.08399384477457,Loyal
Organic Garlic,Organic Yellow Onion,0.00922,0.19521490578022443,4.08399384477457,Loyal
Organic Garlic,Organic Hass Avocado,0.00717,0.15181029006987085,1.802758461820103,Loyal
Organic Garlic,Organic Baby Spinach,0.00922,0.19521490578022443,1.8191678853809006,Loyal
Jalapeno Peppers,Limes,0.00555,0.27152641878669276,4.255899980982646,Loyal
Michigan Organic Kale,Organic Baby Spinach,0.00618,0.1975071907957814,1.8405292218412208,Loyal
Michigan Organic Kale,Organic Avocado,0.00504,0.16107382550335572,1.900351881823451,Loyal
Organic Cilantro,Organic Hass Avocado,0.00519,0.16845180136319376,2.000377643548198,Loyal
Organic Cilantro,Organic Baby Spinach,0.00529,0.17169750081142487,1.6000139857555202,Loyal
Organic Cilantro,Bag of Organic Bananas,0.00621,0.20155793573515093,1.3304154173937355,Loyal
Organic Cilantro,Limes,0.00761,0.24699772801038622,3.871437743109502,Loyal
Organic Red Onion,Organic Baby Spinach,0.00552,0.1786407766990291,1.6647169574040548,Loyal
Organic Gala Apples,Bag of Organic Bananas,0.00644,0.23896103896103896,1.5773005872015773,Loyal
Organic Fuji Apple,Banana,0.01471,0.3624045331362405,1.6920559022142145,Loyal
Asparagus,Organic Baby Spinach,0.005,0.16041065126724416,1.494834137240184,Loyal
Asparagus,Organic Avocado,0.00509,0.16329804299005454,1.9265932396183876,Loyal
Cucumber Kirby,Banana,0.01476,0.3167381974248927,1.4788411496166434,Loyal
Cucumber Kirby,Organic Baby Spinach,0.00749,0.16072961373390557,1.4978064834023443,Loyal
Cucumber Kirby,Organic Avocado,0.00793,0.17017167381974246,2.0076884594117796,Loyal
Yellow Onions,Banana,0.01085,0.27963917525773196,1.3056269271534782,Loyal
Raspberries,Strawberries,0.00557,0.22253296044746307,3.320891813870513,Loyal
Broccoli Crown,Banana,0.00629,0.30924287118977384,1.4438456960956851,Loyal
Organic Large Extra Fancy Fuji Apple,Bag of Organic Bananas,0.00845,0.2904778274321072,1.9173453955914668,Loyal
Organic Large Extra Fancy Fuji Apple,Organic Strawberries,0.00542,0.18631832244757648,1.7800546713248924,Loyal
Organic Hass Avocado,Bag of Organic Bananas,0.01128,0.1950544699982708,1.6464461044844332,Lost
Organic Avocado,Banana,0.01982,0.25580795043882293,1.337557910791231,Lost
Organic Baby Spinach,Bag of Organic Bananas,0.0143,0.15790636042402828,1.33288056405865,Lost
Honeycrisp Apple,Banana,0.00937,0.3412235979606701,1.784175675611347,Lost
Organic Strawberries,Bag of Organic Bananas,0.01302,0.17113564668769718,1.4445483809208843,Lost
Organic Garlic,Organic Baby Spinach,0.0059,0.16876430205949658,1.863563406134017,Lost
Organic Yellow Onion,Organic Garlic,0.00612,0.1638993036957686,4.688195185805738,Lost
Organic Garlic,Organic Yellow Onion,0.00612,0.17505720823798626,4.688195185805738,Lost
Bunched Cilantro,Limes,0.00616,0.25101874490627546,4.662309526491001,Lost
Organic Fuji Apple,Banana,0.01136,0.3240159726183685,1.6942011640176131,Lost
Organic Raspberries,Organic Strawberries,0.00555,0.17066420664206644,2.2432203817306315,Lost
Organic Raspberries,Bag of Organic Bananas,0.00682,0.2097170971709717,1.7702126881993052,Lost
Seedless Red Grapes,Banana,0.00751,0.2614902506963788,1.367269284686948,Lost
Blueberries,Banana,0.0071,0.2724481964696854,1.4245657331748254,Lost
Organic Cilantro,Limes,0.00551,0.22987067167292446,4.269514704177646,Lost
Large Lemon,Limes,0.01038,0.1535730137594319,2.852396243674441,Lost
Limes,Large Lemon,0.01038,0.19279346210995543,2.852396243674441,Lost
Limes,Organic Avocado,0.00809,0.15026002971768201,1.9393395678585703,Lost
Organic Blueberries,Bag of Organic Bananas,0.00652,0.16464646464646462,1.3897734839745473,Lost
Organic Blueberries,Organic Strawberries,0.00734,0.18535353535353535,2.436297783300938,Lost
Organic Zucchini,Organic Baby Spinach,0.00545,0.1606248157972296,1.7736839200224115,Lost
Red Peppers,Banana,0.00603,0.26412614980289095,1.3810517636752468,Lost
Cucumber Kirby,Banana,0.01232,0.27660529860799277,1.446302214943753,Lost
Cucumber Kirby,Organic Avocado,0.00696,0.15626403233048944,2.0168305669913456,Lost
100% Whole Wheat Bread,Banana,0.00677,0.2539384846211553,1.327782926123688,Lost
Hass Avocados,Bag of Organic Bananas,0.0051,0.1954771943273285,1.6500143017416096,Lost
Organic Blueberries,Organic Strawberries,0.006842800153324152,0.17098261794962752,2.4894263385187707,Promising
Organic Blueberries,Bag of Organic Bananas,0.00699896364230043,0.17488471089038668,1.344836697642789,Promising
Organic Hass Avocado,Bag of Organic Bananas,0.012862192819318843,0.23112244897959183,1.7772963082612958,Promising
Organic Strawberries,Bag of Organic Bananas,0.013160323116455373,0.19160810252170318,1.4734370233107261,Promising
Organic Cilantro,Limes,0.005437328752537656,0.2045940170940171,4.50496966867317,Promising
Limes,Large Lemon,0.007396470705149136,0.1628633948108784,2.816581062382387,Promising
Organic Fuji Apple,Banana,0.010136430102642003,0.30962705984388555,1.7347932284714804,Promising
Honeycrisp Apple,Banana,0.007183520492908758,0.2918108419838524,1.6349716750318626,Promising
Apple Honeycrisp Organic,Bag of Organic Bananas,0.0051817884978492025,0.24172185430463575,1.8588041152144366,Promising
Organic Whole Milk,Bag of Organic Bananas,0.006402703048027371,0.17154811715481172,1.319178801775959,Promising
Organic Raspberries,Bag of Organic Bananas,0.008205681511662573,0.20657612580414583,1.588538834663562,Promising
Organic Raspberries,Organic Strawberries,0.006132966112522892,0.15439599714081487,2.2479329563046417,Promising
Organic Lemon,Bag of Organic Bananas,0.0052385752211133035,0.20672268907563024,1.5896658838207771,Promising
"Clementines, Bag",Banana,0.005125001774585102,0.3028523489932886,1.6968355560561768,Promising
Organic Baby Carrots,Organic Baby Spinach,0.016609496298970933,0.25,1.3090141796083727,High_Check
Organic Baby Carrots,Organic Hass Avocado,0.011606014494622547,0.17468944099378883,1.3116254251843869,High_Check
"Bag of Organic Bananas, Organic Baby Carrots",Organic Strawberries,0.005132437520955304,0.31942215088282505,1.760476909193998,High_Check
"Organic Baby Carrots, Organic Strawberries",Bag of Organic Bananas,0.005132437520955304,0.32892561983471075,1.5973738799913877,High_Check
Banana,Strawberries,0.04815206458102288,0.189005871633934,1.3553402368896843,High_Check
Strawberries,Banana,0.04815206458102288,0.34529313852413535,1.355340236889684,High_Check
"Organic Baby Spinach, Strawberries",Banana,0.008046836716271632,0.3557582668187001,1.3964178254061004,High_Check
"Organic Avocado, Strawberries",Banana,0.008227374719521317,0.42761394101876676,1.678464804122357,High_Check
"Organic Baby Spinach, Strawberries",Organic Avocado,0.005880380677275423,0.25997719498289623,1.7030065519634796,High_Check
"Organic Avocado, Strawberries",Organic Baby Spinach,0.005880380677275423,0.30563002680965146,1.6002961552316834,High_Check
Bag of Organic Bananas,Organic Strawberries,0.048900007737342994,0.2374749498997996,1.3088295994975023,High_Check
Organic Strawberries,Bag of Organic Bananas,0.048900007737342994,0.2695095948827292,1.3088295994975023,High_Check
"Bag of Organic Bananas, Organic Baby Spinach",Organic Strawberries,0.011451267634694246,0.2605633802816901,1.4360801625674444,High_Check
"Organic Baby Spinach, Organic Strawberries",Bag of Organic Bananas,0.011451267634694246,0.30662983425414364,1.4890980164749388,High_Check
Organic Cilantro,Organic Avocado,0.012018672787764681,0.2109551833408782,1.3818829740962784,High_Check
Organic Cilantro,Organic Garlic,0.01170917906790808,0.20552286102308737,2.1142843965105245,High_Check
Organic Cilantro,Limes,0.017821680035075955,0.3128112267994568,2.6916621608289697,High_Check
Limes,Organic Cilantro,0.017821680035075955,0.15335108743897027,2.6916621608289697,High_Check
Organic Cilantro,Organic Baby Spinach,0.015345730276223145,0.2693526482571299,1.4103457435345979,High_Check
Organic Cilantro,Organic Hass Avocado,0.011451267634694246,0.20099592575826164,1.5091431118174048,High_Check
Organic Cilantro,Organic Yellow Onion,0.009929590178732623,0.17428700769578992,1.9440823214582459,High_Check
Organic Cilantro,Organic Red Onion,0.008665824155984835,0.15210502489814395,2.618813557005211,High_Check
"Limes, Organic Cilantro",Organic Baby Spinach,0.005158228664276687,0.2894356005788712,1.5155012209648309,High_Check
"Organic Baby Spinach, Organic Cilantro",Limes,0.005158228664276687,0.3361344537815126,2.8923526800866814,High_Check
"Limes, Organic Baby Spinach",Organic Cilantro,0.005158228664276687,0.18744142455482662,3.2900255112106347,High_Check
Organic Ginger Root,Organic Cilantro,0.006834652980166611,0.1724137931034483,3.026256224535989,High_Check
Organic Ginger Root,Limes,0.008897944445877286,0.22446324007807417,1.9314498907117552,High_Check
Organic Ginger Root,Organic Baby Spinach,0.011296520774765945,0.2849707221860768,1.492122864459251,High_Check
Organic Ginger Root,Organic Hass Avocado,0.008072627859593015,0.2036434612882238,1.5290216739985092,High_Check
Organic Ginger Root,Organic Garlic,0.010909653624945195,0.27521145087833443,2.831194901805694,High_Check
Organic Ginger Root,Organic Yellow Onion,0.007169937843344595,0.18087182823682496,2.0175326226197967,High_Check
Organic Ginger Root,Large Lemon,0.007092564413380445,0.1789199739752765,1.3305071252288831,High_Check
Organic Ginger Root,Organic Small Bunch Celery,0.006576741546952776,0.16590761223162,2.696033465656581,High_Check
Garlic,Large Lemon,0.009130064735769737,0.23726541554959787,1.7643828072697658,High_Check
Garlic,Yellow Onions,0.007040982126737678,0.1829758713136729,2.8618489142577808,High_Check
Garlic,Limes,0.008356330436128233,0.2171581769436997,1.8685916543803969,High_Check
Blueberries,Banana,0.013798261676940139,0.3624661246612466,1.4227474237184161,High_Check
Blueberries,Strawberries,0.011451267634694246,0.3008130081300813,2.157096867806111,High_Check
Jalapeno Peppers,Organic Cilantro,0.00502927294766977,0.16049382716049382,2.817033571975476,High_Check
Jalapeno Peppers,Limes,0.010677533335052744,0.34074074074074073,2.9319886242212028,High_Check
Jalapeno Peppers,Organic Avocado,0.0069893998400949115,0.22304526748971193,1.461080276462004,High_Check
Jalapeno Peppers,Large Lemon,0.0071183555567018286,0.22716049382716047,1.6892393224320088,High_Check
Jalapeno Peppers,Organic Garlic,0.0060093363938823405,0.19176954732510285,1.972799325666281,High_Check
Organic Carrot Bunch,Large Lemon,0.005338766667526372,0.1803135888501742,1.3408704987510174,High_Check
Organic Carrot Bunch,Organic Small Bunch Celery,0.00502927294766977,0.16986062717770034,2.760270786907366,High_Check
Organic Carrot Bunch,Bag of Organic Bananas,0.00884636215923452,0.29878048780487804,1.45097893958649,High_Check
Organic Carrot Bunch,Organic Garlic,0.005416140097490522,0.18292682926829268,1.8818312420322398,High_Check
Organic Carrot Bunch,Organic Hass Avocado,0.005441931240811905,0.1837979094076655,1.380014783397253,High_Check
Organic Carrot Bunch,Limes,0.005106646377633921,0.17247386759581881,1.484094378227404,High_Check
Organic Carrot Bunch,Organic Yellow Onion,0.005467722384133289,0.18466898954703834,2.0598880125740267,High_Check
Large Lemon,Organic Avocado,0.030794625125731823,0.22899884925201383,1.5000798077459594,High_Check
Organic Avocado,Large Lemon,0.030794625125731823,0.20172326406487584,1.5000798077459592,High_Check
"Bag of Organic Bananas, Large Lemon",Organic Baby Spinach,0.006293038970417559,0.25738396624472576,1.3476770456727551,High_Check
"Banana, Large Lemon",Organic Avocado,0.010574368761767209,0.26298909557408595,1.722736307263733,High_Check
"Banana, Organic Avocado",Large Lemon,0.010574368761767209,0.20603015075376885,1.5321072181004756,High_Check
"Large Lemon, Organic Avocado",Banana,0.010574368761767209,0.34338358458961477,1.34784488006612,High_Check
"Banana, Large Lemon",Strawberries,0.007402058133237047,0.18409236690186018,1.320106036967972,High_Check
"Large Lemon, Strawberries",Banana,0.007402058133237047,0.38888888888888895,1.5264617218960206,High_Check
"Banana, Organic Baby Spinach",Large Lemon,0.010084337038660924,0.1978744939271255,1.4714591010810198,High_Check
"Banana, Large Lemon",Organic Baby Spinach,0.010084337038660924,0.2508017960230917,1.3132124290618954,High_Check
"Large Lemon, Organic Baby Spinach",Organic Avocado,0.009516931885590487,0.30982367758186397,2.0295309090862665,High_Check
"Organic Avocado, Organic Baby Spinach",Large Lemon,0.009516931885590487,0.23745173745173742,1.7657683575405094,High_Check
"Large Lemon, Organic Avocado",Organic Baby Spinach,0.009516931885590487,0.3090452261306532,1.618178332581204,High_Check
"Large Lemon, Organic Strawberries",Banana,0.007298893559951513,0.35642317380352645,1.3990277098485657,High_Check
"Large Lemon, Organic Strawberries",Organic Baby Spinach,0.005184019807598071,0.2531486146095718,1.3255005042885788,High_Check
Organic Yellow Onion,Organic Hass Avocado,0.018337502901503624,0.20454545454545453,1.5357941342159,High_Check
Organic Yellow Onion,Limes,0.015655223996079746,0.1746260069044879,1.5026129972720172,High_Check
Organic Yellow Onion,Organic Baby Spinach,0.022489876976246357,0.2508630609896433,1.3135332159016122,High_Check
Organic Yellow Onion,Organic Garlic,0.023005699842674025,0.25661680092059835,2.639905338841698,High_Check
Organic Garlic,Organic Yellow Onion,0.023005699842674025,0.2366675510745556,2.6399053388416984,High_Check
"Bag of Organic Bananas, Organic Yellow Onion",Organic Hass Avocado,0.006705697263559693,0.29017857142857145,2.1787555673896204,High_Check
"Organic Hass Avocado, Organic Yellow Onion",Bag of Organic Bananas,0.006705697263559693,0.3656821378340365,1.7758759431662197,High_Check
"Bag of Organic Bananas, Organic Hass Avocado",Organic Yellow Onion,0.006705697263559693,0.15384615384615385,1.71607506417633,High_Check
"Organic Hass Avocado, Organic Yellow Onion",Organic Garlic,0.005312975524204988,0.28973277074542897,2.9805807164002434,High_Check
"Organic Garlic, Organic Hass Avocado",Organic Yellow Onion,0.005312975524204988,0.2947067238912732,3.287302590746932,High_Check
"Organic Garlic, Organic Yellow Onion",Organic Hass Avocado,0.005312975524204988,0.23094170403587444,1.7339858037534779,High_Check
"Organic Hass Avocado, Organic Yellow Onion",Organic Baby Spinach,0.005080855234312537,0.2770745428973277,1.450778021844441,High_Check
"Organic Baby Spinach, Organic Yellow Onion",Organic Hass Avocado,0.005080855234312537,0.22591743119266053,1.6962619209204157,High_Check
"Organic Baby Spinach, Organic Hass Avocado",Organic Yellow Onion,0.005080855234312537,0.17341549295774647,1.9343610208431254,High_Check
"Limes, Organic Yellow Onion",Organic Garlic,0.005209810950919454,0.33278418451400327,3.423465424823945,High_Check
"Organic Garlic, Organic Yellow Onion",Limes,0.005209810950919454,0.226457399103139,1.9486091290337346,High_Check
"Limes, Organic Garlic",Organic Yellow Onion,0.005209810950919454,0.25997425997425994,2.899879741651893,High_Check
"Bag of Organic Bananas, Organic Yellow Onion",Organic Baby Spinach,0.00660253269027416,0.28571428571428575,1.4960162052667119,High_Check
"Organic Baby Spinach, Organic Yellow Onion",Bag of Organic Bananas,0.00660253269027416,0.29357798165137616,1.425713812946995,High_Check
"Bag of Organic Bananas, Organic Baby Spinach",Organic Yellow Onion,0.00660253269027416,0.15023474178403756,1.675791611965618,High_Check
"Organic Garlic, Organic Yellow Onion",Organic Baby Spinach,0.006396203543703093,0.27802690582959644,1.4557646481743338,High_Check
"Organic Baby Spinach, Organic Yellow Onion",Organic Garlic,0.006396203543703093,0.28440366972477066,2.925758420333917,High_Check
"Organic Baby Spinach, Organic Garlic",Organic Yellow Onion,0.006396203543703093,0.2512664640324215,2.802748737033682,High_Check
"Organic Hass Avocado, Organic Yellow Onion",Organic Strawberries,0.005106646377633921,0.2784810126582279,1.5348321682725614,High_Check
"Organic Strawberries, Organic Yellow Onion",Organic Hass Avocado,0.005106646377633921,0.2824536376604851,2.120754239544924,High_Check
"Organic Hass Avocado, Organic Strawberries",Organic Yellow Onion,0.005106646377633921,0.1550509005481598,1.7295133967070768,High_Check
"Bag of Organic Bananas, Organic Yellow Onion",Organic Strawberries,0.006164083253810642,0.26674107142857145,1.4701281538734898,High_Check
"Organic Strawberries, Organic Yellow Onion",Bag of Organic Bananas,0.006164083253810642,0.340941512125535,1.6557271104262734,High_Check
"Bag of Organic Bananas, Organic Yellow Onion",Organic Garlic,0.006293038970417559,0.2723214285714286,2.801464247811091,High_Check
"Organic Garlic, Organic Yellow Onion",Bag of Organic Bananas,0.006293038970417559,0.273542600896861,1.3284152385488466,High_Check
"Bag of Organic Bananas, Organic Garlic",Organic Yellow Onion,0.006293038970417559,0.2904761904761905,3.2401131568853088,High_Check
Fresh Cauliflower,Organic Yellow Onion,0.008949526732520053,0.15212626041209995,1.6968905336473967,High_Check
Fresh Cauliflower,Organic Zucchini,0.009491140742269104,0.16133274879438841,1.8949877821886767,High_Check
Fresh Cauliflower,Organic Garlic,0.009387976168983571,0.1595791319596668,1.6416454453362062,High_Check
Fresh Cauliflower,Organic Hass Avocado,0.010187501611946457,0.1731696624287593,1.3002144309353765,High_Check
Fresh Cauliflower,Limes,0.009181647022412504,0.15607189829022358,1.342959545585184,High_Check
Organic Unsweetened Almond Milk,Bag of Organic Bananas,0.009929590178732623,0.29034690799396684,1.4100226282126849,High_Check
Organic Unsweetened Almond Milk,Organic Baby Spinach,0.009749052175482938,0.2850678733031674,1.4926315532185968,High_Check
Organic Unsweetened Almond Milk,Organic Hass Avocado,0.006396203543703093,0.18702865761689294,1.4042722970139019,High_Check
Organic Hass Avocado,Bag of Organic Bananas,0.043587032213138005,0.32726568551510454,1.5893126784164766,High_Check
Bag of Organic Bananas,Organic Hass Avocado,0.043587032213138005,0.21167334669338675,1.5893126784164764,High_Check
Organic Hass Avocado,Organic Strawberries,0.032935290021406646,0.24728892331525945,1.362918752480818,High_Check
Organic Strawberries,Organic Hass Avocado,0.032935290021406646,0.18152096659559344,1.362918752480818,High_Check
"Banana, Organic Hass Avocado",Organic Strawberries,0.006886235266809378,0.27024291497975705,1.4894283642516162,High_Check
"Bag of Organic Bananas, Organic Baby Spinach",Organic Hass Avocado,0.01103860934155211,0.2511737089201878,1.8858943098300622,High_Check
"Organic Baby Spinach, Organic Hass Avocado",Bag of Organic Bananas,0.01103860934155211,0.3767605633802817,1.829676518530018,High_Check
"Bag of Organic Bananas, Organic Hass Avocado",Organic Baby Spinach,0.01103860934155211,0.2532544378698225,1.3260546008813812,High_Check
"Organic Baby Spinach, Organic Hass Avocado",Organic Strawberries,0.007659969566450881,0.261443661971831,1.4409317847382805,High_Check
"Organic Baby Spinach, Organic Strawberries",Organic Hass Avocado,0.007659969566450881,0.20511049723756905,1.5400366594485408,High_Check
"Bag of Organic Bananas, Organic Hass Avocado",Organic Strawberries,0.012921362804013101,0.2964497041420118,1.6338655833259736,High_Check
"Organic Hass Avocado, Organic Strawberries",Bag of Organic Bananas,0.012921362804013101,0.3923257635082224,1.9052663863357098,High_Check
"Bag of Organic Bananas, Organic Strawberries",Organic Hass Avocado,0.012921362804013101,0.26424050632911394,1.984004096029964,High_Check
Large Lemon,Limes,0.032935290021406646,0.24491752972765632,2.107453923686289,High_Check
Limes,Large Lemon,0.032935290021406646,0.2833999112294718,2.107453923686289,High_Check
Organic Avocado,Limes,0.028628169086735614,0.1875316776482514,1.6136630575800381,High_Check
Limes,Organic Avocado,0.028628169086735614,0.24633821571238348,1.6136630575800381,High_Check
"Banana, Large Lemon",Limes,0.010471204188481676,0.2604233483001925,2.240877604004297,High_Check
"Banana, Limes",Large Lemon,0.010471204188481676,0.3147286821705427,2.3404248549670985,High_Check
"Bag of Organic Bananas, Limes",Large Lemon,0.005674051530704356,0.26378896882494,1.9616205769561565,High_Check
"Bag of Organic Bananas, Large Lemon",Limes,0.005674051530704356,0.2320675105485232,1.9968827311357944,High_Check
"Bag of Organic Bananas, Limes",Organic Strawberries,0.005828798390632657,0.2709832134292566,1.4935084768006488,High_Check
"Bag of Organic Bananas, Limes",Organic Baby Spinach,0.005828798390632657,0.2709832134292566,1.4188834752589554,High_Check
"Limes, Organic Hass Avocado",Bag of Organic Bananas,0.005493513527454672,0.27483870967741936,1.334709580451225,High_Check
"Bag of Organic Bananas, Limes",Organic Hass Avocado,0.005493513527454672,0.25539568345323743,1.9175942746964318,High_Check
"Large Lemon, Organic Hass Avocado",Limes,0.005055064090991154,0.2956259426847662,2.54378710069162,High_Check
"Limes, Organic Hass Avocado",Large Lemon,0.005055064090991154,0.2529032258064516,1.8806706509768982,High_Check
"Limes, Organic Hass Avocado",Organic Strawberries,0.00569984267402574,0.28516129032258064,1.5716501364147006,High_Check
"Organic Hass Avocado, Organic Strawberries",Limes,0.00569984267402574,0.17306186374314803,1.4891539376194136,High_Check
"Limes, Organic Strawberries",Organic Hass Avocado,0.00569984267402574,0.25142207053469856,1.8877590900158534,High_Check
"Banana, Organic Avocado",Limes,0.010522786475124443,0.2050251256281407,1.7641897904970927,High_Check
"Banana, Limes",Organic Avocado,0.010522786475124443,0.3162790697674419,2.0718175996102426,High_Check
"Limes, Organic Avocado",Banana,0.010522786475124443,0.3675675675675676,1.4427715425488254,High_Check
"Large Lemon, Organic Avocado",Limes,0.009542723028911872,0.30988274706867674,2.666463327140214,High_Check
"Large Lemon, Limes",Organic Avocado,0.009542723028911872,0.28974158183241977,1.897981137419904,High_Check
"Limes, Organic Avocado",Large Lemon,0.009542723028911872,0.33333333333333337,2.4787750926991436,High_Check
"Large Lemon, Organic Strawberries",Limes,0.005390348954169138,0.2632241813602015,2.2649780701018845,High_Check
"Limes, Organic Strawberries",Large Lemon,0.005390348954169138,0.23777019340159272,1.7681364995703788,High_Check
"Banana, Organic Strawberries",Limes,0.0073504758465942795,0.15556768558951967,1.3386209217404452,High_Check
"Organic Avocado, Organic Strawberries",Limes,0.0056482603873829725,0.19160104986876642,1.6486789850336618,High_Check
"Limes, Organic Strawberries",Organic Avocado,0.0056482603873829725,0.2491467576791809,1.6320606919234468,High_Check
"Limes, Strawberries",Banana,0.0056482603873829725,0.40630797773654914,1.5948349079549726,High_Check
"Large Lemon, Organic Baby Spinach",Limes,0.008949526732520053,0.29135180520570947,2.507009219538609,High_Check
"Limes, Organic Baby Spinach",Large Lemon,0.008949526732520053,0.3252108716026242,2.418373825210692,High_Check
"Large Lemon, Limes",Organic Baby Spinach,0.008949526732520053,0.2717306186374315,1.4227969313206117,High_Check
"Banana, Organic Baby Spinach",Limes,0.00848528615273515,0.16649797570850203,1.4326733271517418,High_Check
"Banana, Limes",Organic Baby Spinach,0.00848528615273515,0.2550387596899225,1.3353974111353633,High_Check
"Organic Avocado, Organic Baby Spinach",Limes,0.008098419002914399,0.20205920205920203,1.7386687619710253,High_Check
"Limes, Organic Baby Spinach",Organic Avocado,0.008098419002914399,0.2942830365510778,1.9277303896257714,High_Check
"Limes, Organic Avocado",Organic Baby Spinach,0.008098419002914399,0.2828828828828829,1.481190819448753,High_Check
Organic Baby Arugula,Large Lemon,0.012663451370799267,0.2139433551198257,1.5909523797585352,High_Check
Organic Baby Arugula,Organic Hass Avocado,0.010264875041910608,0.17342047930283225,1.3020976460125318,High_Check
Organic Baby Arugula,Limes,0.009697469888840172,0.16383442265795206,1.409754121108916,High_Check
Organic Baby Arugula,Organic Baby Spinach,0.015629432852758363,0.26405228758169935,1.382592754409889,High_Check
Organic Baby Arugula,Organic Avocado,0.011838134784514998,0.2,1.310119952694712,High_Check
Organic Baby Arugula,Organic Garlic,0.009878007892089856,0.16688453159041394,1.7167986052945396,High_Check
Michigan Organic Kale,Large Lemon,0.012199210791014365,0.21335137573297247,1.586550228479966,High_Check
Michigan Organic Kale,Organic Hass Avocado,0.010264875041910608,0.17952187640956246,1.3479089299047182,High_Check
Michigan Organic Kale,Limes,0.009310602739019421,0.16283265674334688,1.4011341766333307,High_Check
Michigan Organic Kale,Organic Avocado,0.01147705877801563,0.20072169598556608,1.314847494247061,High_Check
Michigan Organic Kale,Organic Baby Spinach,0.014984654269723776,0.2620658547586829,1.3721916794812168,High_Check
Michigan Organic Kale,Organic Garlic,0.009465349598947721,0.16553901668921966,1.7029568304831824,High_Check
Organic Red Bell Pepper,Organic Hass Avocado,0.009800634462125707,0.20105820105820107,1.5096106951257997,High_Check
Organic Red Bell Pepper,Limes,0.008433703866092384,0.17301587301587304,1.4887581989446173,High_Check
Organic Red Bell Pepper,Organic Yellow Onion,0.0074794315632011965,0.15343915343915343,1.7115351830541703,High_Check
Organic Red Bell Pepper,Organic Strawberries,0.012792407087406185,0.26243386243386246,1.4463892179315065,High_Check
Banana,Organic Avocado,0.05132437520955304,0.20145778497671593,1.3196693186183828,High_Check
Organic Avocado,Banana,0.05132437520955304,0.3362054401081264,1.3196693186183828,High_Check
Organic Baby Spinach,Organic Avocado,0.04007943672142986,0.2098582039162728,1.3746971009369229,High_Check
Organic Avocado,Organic Baby Spinach,0.04007943672142986,0.262544348707552,1.3746971009369229,High_Check
"Banana, Organic Strawberries",Organic Avocado,0.010677533335052744,0.22598253275109173,1.4803211255884576,High_Check
"Organic Avocado, Organic Strawberries",Banana,0.010677533335052744,0.36220472440944884,1.4217213787737963,High_Check
"Banana, Organic Baby Spinach",Organic Avocado,0.014004590823511206,0.2747975708502024,1.8000889026144447,High_Check
"Banana, Organic Avocado",Organic Baby Spinach,0.014004590823511206,0.2728643216080402,1.4287330643765757,High_Check
"Organic Avocado, Organic Baby Spinach",Banana,0.014004590823511206,0.3494208494208494,1.371542275217108,High_Check
"Bag of Organic Bananas, Organic Avocado",Organic Strawberries,0.007066773270059062,0.26473429951690824,1.4590679452976665,High_Check
"Bag of Organic Bananas, Organic Avocado",Organic Baby Spinach,0.0073504758465942795,0.2753623188405797,1.4418127195686423,High_Check
Original Hummus,Organic Hass Avocado,0.010445413045160293,0.17810026385224276,1.3372349981299396,High_Check
Bag of Organic Bananas,Organic Raspberries,0.0327031697315142,0.1588176352705411,1.7024706033576693,High_Check
Organic Raspberries,Bag of Organic Bananas,0.0327031697315142,0.350566768039812,1.7024706033576693,High_Check
Organic Hass Avocado,Organic Raspberries,0.021019781806927502,0.15782339271882262,1.6918126640549929,High_Check
Organic Raspberries,Organic Hass Avocado,0.021019781806927502,0.22532485485208736,1.6918126640549929,High_Check
Organic Strawberries,Organic Raspberries,0.028705542516699767,0.1582089552238806,1.695945761928538,High_Check
Organic Raspberries,Organic Strawberries,0.028705542516699767,0.3077135747857341,1.6959457619285383,High_Check
"Banana, Organic Raspberries",Organic Strawberries,0.005416140097490522,0.29411764705882354,1.6210125841381329,High_Check
"Organic Baby Spinach, Organic Hass Avocado",Organic Raspberries,0.005080855234312537,0.17341549295774647,1.8589546332459783,High_Check
"Organic Baby Spinach, Organic Raspberries",Organic Hass Avocado,0.005080855234312537,0.2822349570200573,2.119112313814617,High_Check
"Bag of Organic Bananas, Organic Baby Spinach",Organic Raspberries,0.007247311273308746,0.16490610328638497,1.7677368932051436,High_Check
"Organic Baby Spinach, Organic Raspberries",Bag of Organic Bananas,0.007247311273308746,0.4025787965616046,1.955058577039466,High_Check
"Organic Baby Spinach, Organic Strawberries",Organic Raspberries,0.006189874397132025,0.16574585635359115,1.7767387581967902,High_Check
"Organic Baby Spinach, Organic Raspberries",Organic Strawberries,0.006189874397132025,0.34383954154727797,1.8950519608262415,High_Check
"Bag of Organic Bananas, Organic Hass Avocado",Organic Raspberries,0.009878007892089856,0.22662721893491125,2.4293660933821712,High_Check
"Organic Hass Avocado, Organic Raspberries",Bag of Organic Bananas,0.009878007892089856,0.4699386503067485,2.282180772588121,High_Check
"Bag of Organic Bananas, Organic Raspberries",Organic Hass Avocado,0.009878007892089856,0.30205047318611983,2.2678936864534127,High_Check
"Organic Hass Avocado, Organic Strawberries",Organic Raspberries,0.006860444123487994,0.2083007047768207,2.2329121444046636,High_Check
"Organic Hass Avocado, Organic Raspberries",Organic Strawberries,0.006860444123487994,0.3263803680981595,1.7988267252693586,High_Check
"Organic Raspberries, Organic Strawberries",Organic Hass Avocado,0.006860444123487994,0.2389937106918239,1.794442901753309,High_Check
"Bag of Organic Bananas, Organic Strawberries",Organic Raspberries,0.011193356201480412,0.2289029535864979,2.453761188667206,High_Check
"Bag of Organic Bananas, Organic Raspberries",Organic Strawberries,0.011193356201480412,0.3422712933753943,1.8864086507525462,High_Check
"Organic Raspberries, Organic Strawberries",Bag of Organic Bananas,0.011193356201480412,0.38993710691823896,1.8936662633442984,High_Check
Organic Whole Milk,Organic Strawberries,0.0211745286668558,0.2406213364595545,1.32617072900445,High_Check
"Banana, Organic Whole Milk",Organic Strawberries,0.006293038970417559,0.2726256983240224,1.5025609383251344,High_Check
"Bag of Organic Bananas, Organic Whole Milk",Organic Strawberries,0.005983545250560957,0.27488151658767773,1.5149937516210417,High_Check
"Organic Strawberries, Organic Whole Milk",Bag of Organic Bananas,0.005983545250560957,0.28258221680876977,1.372314665872549,High_Check
Organic Zucchini,Organic Yellow Onion,0.013179274237226936,0.1548015752802181,1.7267323010183822,High_Check
Organic Zucchini,Organic Baby Spinach,0.02447579501199288,0.28748863980611933,1.505306823930137,High_Check
Organic Zucchini,Large Lemon,0.015938926572614965,0.18721599515298395,1.3921990372203006,High_Check
Organic Zucchini,Limes,0.01320506538054832,0.1551045137837019,1.3346354445040998,High_Check
"Bag of Organic Bananas, Organic Zucchini",Organic Baby Spinach,0.006318830113738942,0.2895981087470449,1.516352122950597,High_Check
"Organic Hass Avocado, Organic Zucchini",Bag of Organic Bananas,0.005467722384133289,0.381981981981982,1.855033490404232,High_Check
"Bag of Organic Bananas, Organic Zucchini",Organic Hass Avocado,0.005467722384133289,0.25059101654846333,1.8815192650336112,High_Check
"Organic Baby Spinach, Organic Zucchini",Large Lemon,0.005055064090991154,0.2065331928345627,1.5358480026418297,High_Check
"Large Lemon, Organic Zucchini",Organic Baby Spinach,0.005055064090991154,0.3171521035598705,1.6606264026099742,High_Check
"Large Lemon, Organic Baby Spinach",Organic Zucchini,0.005055064090991154,0.16456759026028547,1.9329836949900177,High_Check
"Banana, Organic Zucchini",Organic Baby Spinach,0.00569984267402574,0.2892670157068063,1.5146185010128292,High_Check
"Organic Strawberries, Organic Zucchini",Organic Baby Spinach,0.00502927294766977,0.2981651376146789,1.5612095720099857,High_Check
"Bag of Organic Bananas, Organic Zucchini",Organic Strawberries,0.005364557810847755,0.2458628841607565,1.3550592192700799,High_Check
"Organic Strawberries, Organic Zucchini",Bag of Organic Bananas,0.005364557810847755,0.3180428134556575,1.5445232973592444,High_Check
Organic Blueberries,Bag of Organic Bananas,0.020091300647357698,0.2707681612791102,1.3149416229051778,High_Check
Organic Blueberries,Organic Raspberries,0.013256647667191087,0.1786583246437261,1.9151559915430447,High_Check
Organic Blueberries,Organic Strawberries,0.022567250406210507,0.3041362530413625,1.6762295578070714,High_Check
"Bag of Organic Bananas, Organic Blueberries",Organic Strawberries,0.0069893998400949115,0.34788189987163026,1.9173311874517014,High_Check
"Organic Blueberries, Organic Strawberries",Bag of Organic Bananas,0.0069893998400949115,0.3097142857142857,1.5040771543086173,High_Check
"Bag of Organic Bananas, Organic Blueberries",Organic Raspberries,0.005055064090991154,0.251604621309371,2.6971152839447723,High_Check
"Bag of Organic Bananas, Organic Raspberries",Organic Blueberries,0.005055064090991154,0.15457413249211355,2.083177907235564,High_Check
"Organic Blueberries, Organic Raspberries",Bag of Organic Bananas,0.005055064090991154,0.38132295719844356,1.8518330435189445,High_Check
"Organic Baby Spinach, Organic Blueberries",Organic Strawberries,0.005080855234312537,0.328881469115192,1.8126114004269138,High_Check
"Organic Blueberries, Organic Hass Avocado",Bag of Organic Bananas,0.0052871843808836045,0.43157894736842106,2.0958931019934606,High_Check
"Bag of Organic Bananas, Organic Blueberries",Organic Hass Avocado,0.0052871843808836045,0.2631578947368421,1.975875494312854,High_Check
Grated Parmesan,Organic Garlic,0.00585458953395404,0.157202216066482,1.6171932935913256,High_Check
Grated Parmesan,Large Lemon,0.0066283238335955435,0.17797783933518005,1.3235011055893626,High_Check
Organic Whole Strawberries,Bag of Organic Bananas,0.009387976168983571,0.29402261712439415,1.4278731129464097,High_Check
Organic Whole Strawberries,Organic Raspberries,0.006318830113738942,0.19789983844911146,2.121418423054299,High_Check
Organic Whole Strawberries,Organic Hass Avocado,0.00667990612023831,0.20920840064620355,1.5708050577566324,High_Check
Organic Whole Strawberries,Organic Baby Spinach,0.008743197585948985,0.2738287560581583,1.4337828978586054,High_Check
Cucumber Kirby,Banana,0.030510922549196604,0.35493549354935494,1.3931882862309313,High_Check
Cucumber Kirby,Organic Baby Spinach,0.021638769246640703,0.25172517251725174,1.3180472807577854,High_Check
Cucumber Kirby,Organic Avocado,0.019988136074072165,0.23252325232523255,1.5231667616837714,High_Check
Cucumber Kirby,Large Lemon,0.01867278776468161,0.21722172217221725,1.6153313835411163,High_Check
Cucumber Kirby,Limes,0.014520413689938875,0.1689168916891689,1.4534874925575112,High_Check
"Banana, Organic Baby Spinach",Cucumber Kirby,0.007892089856343331,0.1548582995951417,1.8014764027009988,High_Check
"Banana, Cucumber Kirby",Organic Baby Spinach,0.007892089856343331,0.2586644125105663,1.3543815349456025,High_Check
"Cucumber Kirby, Organic Baby Spinach",Banana,0.007892089856343331,0.36471990464839094,1.4315939322668618,High_Check
"Banana, Cucumber Kirby",Strawberries,0.005957754107239574,0.19526627218934914,1.4002328780465385,High_Check
"Cucumber Kirby, Strawberries",Banana,0.005957754107239574,0.44508670520231214,1.7470486759272372,High_Check
"Banana, Organic Avocado",Cucumber Kirby,0.008614241869342069,0.16783919597989952,1.952483992117805,High_Check
"Banana, Cucumber Kirby",Organic Avocado,0.008614241869342069,0.2823330515638208,1.849450820794733,High_Check
"Cucumber Kirby, Organic Avocado",Banana,0.008614241869342069,0.4309677419354839,1.6916291008366588,High_Check
"Cucumber Kirby, Organic Baby Spinach",Organic Avocado,0.005493513527454672,0.25387365911799764,1.6630247313705226,High_Check
"Cucumber Kirby, Organic Avocado",Organic Baby Spinach,0.005493513527454672,0.27483870967741936,1.4390710722920432,High_Check
"Banana, Large Lemon",Cucumber Kirby,0.006808861836845227,0.16933932007697242,1.969935030706406,High_Check
"Banana, Cucumber Kirby",Large Lemon,0.006808861836845227,0.2231614539306847,1.6595011609617258,High_Check
"Cucumber Kirby, Large Lemon",Banana,0.006808861836845227,0.3646408839779005,1.4312837613358105,High_Check
"Large Lemon, Organic Avocado",Cucumber Kirby,0.005545095814097439,0.18006700167504186,2.094730829866906,High_Check
"Cucumber Kirby, Large Lemon",Organic Avocado,0.005545095814097439,0.2969613259668508,1.9452747916392479,High_Check
"Cucumber Kirby, Organic Avocado",Large Lemon,0.005545095814097439,0.27741935483870966,2.0629805610205776,High_Check
"Large Lemon, Organic Baby Spinach",Cucumber Kirby,0.0057772161039898896,0.18807724601175482,2.1879145093350645,High_Check
"Cucumber Kirby, Organic Baby Spinach",Large Lemon,0.0057772161039898896,0.266984505363528,1.9853836260951425,High_Check
"Cucumber Kirby, Large Lemon",Organic Baby Spinach,0.0057772161039898896,0.30939226519337015,1.619995448797102,High_Check
"Large Lemon, Limes",Cucumber Kirby,0.005132437520955304,0.1558339859044636,1.8128266233044605,High_Check
"Cucumber Kirby, Large Lemon",Limes,0.005132437520955304,0.27486187845303867,2.365117535121986,High_Check
"Cucumber Kirby, Limes",Large Lemon,0.005132437520955304,0.3534635879218473,2.6284702137502465,High_Check
"Banana, Limes",Cucumber Kirby,0.005493513527454672,0.16511627906976745,1.9208081273243605,High_Check
"Banana, Cucumber Kirby",Limes,0.005493513527454672,0.18005071851225699,1.5492912802653662,High_Check
"Cucumber Kirby, Limes",Banana,0.005493513527454672,0.37833037300177624,1.48501756958877,High_Check
"Cucumber Kirby, Organic Strawberries",Banana,0.005519304670776055,0.40225563909774437,1.5789287198559265,High_Check
Apple Honeycrisp Organic,Organic Raspberries,0.010780697908338277,0.17482225010455876,1.8740345875875193,High_Check
Apple Honeycrisp Organic,Bag of Organic Bananas,0.020607123513785366,0.3341698034295274,1.622841406359352,High_Check
Apple Honeycrisp Organic,Organic Hass Avocado,0.012895571660691718,0.20911752404851525,1.5701227265555928,High_Check
"Apple Honeycrisp Organic, Organic Baby Spinach",Bag of Organic Bananas,0.005055064090991154,0.35507246376811596,1.7243517832766984,High_Check
"Apple Honeycrisp Organic, Bag of Organic Bananas",Organic Raspberries,0.005080855234312537,0.24655819774718396,2.6430193534010407,High_Check
"Bag of Organic Bananas, Organic Raspberries",Apple Honeycrisp Organic,0.005080855234312537,0.15536277602523657,2.5193981241432444,High_Check
"Apple Honeycrisp Organic, Organic Raspberries",Bag of Organic Bananas,0.005080855234312537,0.4712918660287081,2.2887524450815504,High_Check
"Apple Honeycrisp Organic, Organic Hass Avocado",Bag of Organic Bananas,0.006060918680525108,0.47000000000000003,2.2824787074148296,High_Check
"Apple Honeycrisp Organic, Bag of Organic Bananas",Organic Hass Avocado,0.006060918680525108,0.29411764705882354,2.208331434820249,High_Check
Organic Large Extra Fancy Fuji Apple,Organic Raspberries,0.007221520129987362,0.15478164731896077,1.6592061961565014,High_Check
Organic Large Extra Fancy Fuji Apple,Bag of Organic Bananas,0.015964717715936348,0.34217799889441686,1.6617319077070674,High_Check
Organic Large Extra Fancy Fuji Apple,Organic Hass Avocado,0.010548577618445826,0.22609176340519627,1.6975708641575666,High_Check
Organic Large Extra Fancy Fuji Apple,Organic Strawberries,0.01139968534805148,0.24433388612493093,1.3466322340756143,High_Check
Organic Grade A Free Range Large Brown Eggs,Organic Hass Avocado,0.00884636215923452,0.22655217965653898,1.7010278198727702,High_Check
Organic Broccoli,Organic Baby Spinach,0.008794779872591751,0.25794251134644475,1.350601619505159,High_Check
Organic Broccoli,Organic Raspberries,0.005158228664276687,0.15128593040847202,1.6217333092971207,High_Check
Organic Broccoli,Organic Strawberries,0.008382121579449618,0.24583963691376706,1.3549310933983638,High_Check
Organic Broccoli,Bag of Organic Bananas,0.010548577618445826,0.3093797276853253,1.5024524275479856,High_Check
Organic Broccoli,Organic Hass Avocado,0.006447785830345859,0.18910741301059,1.4198802720099934,High_Check
Organic Small Bunch Celery,Organic Yellow Onion,0.011244938488123178,0.18273260687342832,2.0382886554382726,High_Check
Organic Small Bunch Celery,Organic Baby Spinach,0.015732597426043896,0.2556580050293378,1.3386398148551673,High_Check
Organic Small Bunch Celery,Organic Garlic,0.011167565058159029,0.1814752724224644,1.866898577244949,High_Check
Organic Small Bunch Celery,Organic Hass Avocado,0.011657596781265314,0.18943839061190276,1.4223653600300747,High_Check
Organic Small Bunch Celery,Limes,0.009362185025662188,0.15213746856663873,1.3091047644772045,High_Check
Organic Lemon,Organic Yellow Onion,0.010780697908338277,0.17825159914712155,1.9883053088985454,High_Check
Organic Lemon,Bag of Organic Bananas,0.019420730921001727,0.32110874200426437,1.5594124816797774,High_Check
Organic Lemon,Limes,0.0124571222242282,0.20597014925373133,1.7723214818053539,High_Check
Organic Lemon,Organic Strawberries,0.01462357826322441,0.24179104477611943,1.3326175094675876,High_Check
Organic Lemon,Organic Hass Avocado,0.01658370515564955,0.2742004264392324,2.0587864318993723,High_Check
Organic Lemon,Organic Garlic,0.011580223351301162,0.19147121535181236,1.9697302819941154,High_Check
Organic Lemon,Organic Raspberries,0.009259020452376653,0.153091684434968,1.6410903734025477,High_Check
"Organic Hass Avocado, Organic Lemon",Organic Strawberries,0.00502927294766977,0.3032659409020218,1.6714328822450732,High_Check
"Organic Lemon, Organic Strawberries",Organic Hass Avocado,0.00502927294766977,0.3439153439153439,2.58222882060992,High_Check
"Organic Hass Avocado, Organic Strawberries",Organic Lemon,0.00502927294766977,0.15270164447924825,2.5248191306583765,High_Check
"Bag of Organic Bananas, Organic Lemon",Organic Strawberries,0.005880380677275423,0.30278884462151395,1.6688033933916078,High_Check
"Organic Lemon, Organic Strawberries",Bag of Organic Bananas,0.005880380677275423,0.4021164021164021,1.952813033474356,High_Check
"Organic Hass Avocado, Organic Lemon",Bag of Organic Bananas,0.007221520129987362,0.4354587869362364,2.1147349130609587,High_Check
"Bag of Organic Bananas, Organic Lemon",Organic Hass Avocado,0.007221520129987362,0.37184594953519257,2.7919409375151085,High_Check
"Bag of Organic Bananas, Organic Hass Avocado",Organic Lemon,0.007221520129987362,0.16568047337278108,2.739415349289058,High_Check
"Organic Baby Spinach, Organic Lemon",Bag of Organic Bananas,0.005209810950919454,0.3594306049822064,1.7455163886491845,High_Check
"Bag of Organic Bananas, Organic Lemon",Organic Baby Spinach,0.005209810950919454,0.2682602921646746,1.4046261050777755,High_Check
No Salt Added Black Beans,Banana,0.009955381322054006,0.33448873483535524,1.3129309289098228,High_Check
No Salt Added Black Beans,Organic Baby Spinach,0.008640033012663452,0.2902946273830156,1.5199991340339856,High_Check
No Salt Added Black Beans,Organic Avocado,0.00817579243287855,0.27469670710571925,1.7994281845936904,High_Check
No Salt Added Black Beans,Limes,0.006318830113738942,0.21230502599653378,1.8268315075374177,High_Check
Honeycrisp Apple,Banana,0.02357310499574446,0.3614076710162119,1.4185927949292958,High_Check
Honeycrisp Apple,Strawberries,0.012405539937585433,0.19019375247133252,1.3638583992178612,High_Check
"Banana, Honeycrisp Apple",Strawberries,0.005674051530704356,0.24070021881838075,1.726034692850948,High_Check
"Honeycrisp Apple, Strawberries",Banana,0.005674051530704356,0.45738045738045735,1.795303955660303,High_Check
"Banana, Honeycrisp Apple",Organic Avocado,0.005184019807598071,0.21991247264770242,1.4405585913109253,High_Check
"Honeycrisp Apple, Organic Avocado",Banana,0.005184019807598071,0.4044265593561368,1.5874499884506472,High_Check
Organic Garlic,Large Lemon,0.01777009774843319,0.18280711063942692,1.3594131378639243,High_Check
Organic Garlic,Organic Baby Spinach,0.02545585845820545,0.2618731759087291,1.3711828020944163,High_Check
Limes,Organic Garlic,0.02003971836071493,0.17243675099866845,1.7739161969942616,High_Check
Organic Garlic,Limes,0.02003971836071493,0.20615547890687186,1.7739161969942616,High_Check
Organic Garlic,Organic Hass Avocado,0.01802800918164702,0.185460334306182,1.3924968129460873,High_Check
"Banana, Organic Garlic",Organic Baby Spinach,0.006421994687024476,0.3051470588235294,1.5977673074631606,High_Check
"Banana, Organic Garlic",Organic Avocado,0.006370412400381709,0.3026960784313726,1.9828408597769236,High_Check
"Organic Avocado, Organic Garlic",Banana,0.006370412400381709,0.34257975034674065,1.344689680116843,High_Check
"Organic Avocado, Organic Baby Spinach",Organic Garlic,0.006060918680525108,0.15122265122265122,1.5556794523363906,High_Check
"Organic Baby Spinach, Organic Garlic",Organic Avocado,0.006060918680525108,0.2380952380952381,1.5596666103508479,High_Check
"Organic Avocado, Organic Garlic",Organic Baby Spinach,0.006060918680525108,0.32593619972260746,1.7066204283382387,High_Check
"Limes, Organic Avocado",Organic Garlic,0.005158228664276687,0.1801801801801802,1.8535755176774018,High_Check
"Organic Avocado, Organic Garlic",Limes,0.005158228664276687,0.27739251040221913,2.386892988421048,High_Check
"Limes, Organic Garlic",Organic Avocado,0.005158228664276687,0.2574002574002574,1.6861260652441596,High_Check
"Large Lemon, Limes",Organic Garlic,0.0057772161039898896,0.1754111198120595,1.8045145525266606,High_Check
"Large Lemon, Organic Garlic",Limes,0.0057772161039898896,0.3251088534107402,2.797480153860326,High_Check
"Limes, Organic Garlic",Large Lemon,0.0057772161039898896,0.28828828828828823,2.143805485577637,High_Check
"Banana, Organic Garlic",Large Lemon,0.005106646377633921,0.24264705882352944,1.804402457185406,High_Check
"Organic Garlic, Organic Strawberries",Organic Baby Spinach,0.005261393237562221,0.28451882845188287,1.4897567232363071,High_Check
"Bag of Organic Bananas, Organic Garlic",Organic Strawberries,0.0056482603873829725,0.26071428571428573,1.436911869225302,High_Check
"Organic Garlic, Organic Strawberries",Bag of Organic Bananas,0.0056482603873829725,0.3054393305439331,1.4833165284543985,High_Check
"Bag of Organic Bananas, Organic Garlic",Organic Baby Spinach,0.005931962963918191,0.27380952380952384,1.4336821967139322,High_Check
"Limes, Organic Baby Spinach",Organic Garlic,0.005622469244061589,0.204311152764761,2.1018191366803074,High_Check
"Organic Baby Spinach, Organic Garlic",Limes,0.005622469244061589,0.220871327254306,1.9005423816314262,High_Check
"Limes, Organic Garlic",Organic Baby Spinach,0.005622469244061589,0.2805662805662805,1.4690609583249687,High_Check
"Banana, Limes",Organic Garlic,0.005441931240811905,0.1635658914728682,1.68265861238459,High_Check
"Banana, Organic Garlic",Limes,0.005441931240811905,0.258578431372549,2.2250025565041813,High_Check
"Organic Garlic, Organic Hass Avocado",Bag of Organic Bananas,0.005828798390632657,0.32331902718168815,1.5701463728601697,High_Check
"Bag of Organic Bananas, Organic Garlic",Organic Hass Avocado,0.005828798390632657,0.2690476190476191,2.0200974696617613,High_Check
Asparagus,Organic Avocado,0.015784179712686662,0.20958904109589038,1.3729339230293898,High_Check
Asparagus,Large Lemon,0.014288293400046424,0.18972602739726027,1.4108644534472523,High_Check
"Asparagus, Banana",Organic Avocado,0.005828798390632657,0.2993377483443709,1.960841783503344,High_Check
"Asparagus, Organic Avocado",Banana,0.005828798390632657,0.369281045751634,1.4494972653298346,High_Check
"Asparagus, Banana",Organic Baby Spinach,0.005906171820596807,0.3033112582781457,1.5881549516838005,High_Check
Boneless Skinless Chicken Breasts,Banana,0.016300002579114334,0.3340380549682876,1.3111619260260594,High_Check
Red Vine Tomato,Organic Avocado,0.009001109019162819,0.21543209876543207,1.411209455217452,High_Check
Red Vine Tomato,Limes,0.007015190983416295,0.1679012345679012,1.4447480177321868,High_Check
Red Vine Tomato,Large Lemon,0.009052691305805586,0.21666666666666662,1.611203810254443,High_Check
Red Vine Tomato,Cucumber Kirby,0.006344621257060325,0.15185185185185182,1.7665022057761328,High_Check
Small Hass Avocado,Large Lemon,0.007634178423129498,0.19999999999999998,1.487265055619486,High_Check
Small Hass Avocado,Limes,0.00652515926031001,0.17094594594594595,1.4709469955974617,High_Check
Shredded Parmesan,Organic Avocado,0.006035127537203725,0.20401046207497822,1.336390884614484,High_Check
Organic Red Onion,Limes,0.012740824800763419,0.219360568383659,1.8875426804126965,High_Check
Organic Red Onion,Organic Baby Spinach,0.015397312562865912,0.26509769094138547,1.3880665456948464,High_Check
Organic Red Onion,Organic Zucchini,0.009413767312304954,0.16207815275310836,1.9037431737946895,High_Check
Organic Red Onion,Organic Garlic,0.011425476491372863,0.19671403197158083,2.023664940736032,High_Check
Organic Red Onion,Large Lemon,0.011322311918087328,0.19493783303730017,1.4496211354728117,High_Check
Carrots,Limes,0.009929590178732623,0.1715686274509804,1.4763050137942437,High_Check
Carrots,Organic Baby Spinach,0.014417249116653342,0.24910873440285206,1.3043474623905176,High_Check
Carrots,Large Lemon,0.010471204188481676,0.18092691622103388,1.3454314005826902,High_Check
Carrots,Organic Yellow Onion,0.009104273592448354,0.1573083778966132,1.7546944005136316,High_Check
Carrots,Organic Garlic,0.009749052175482938,0.16844919786096255,1.7328948656574956,High_Check
Bunched Cilantro,Limes,0.011141773914837646,0.34838709677419355,2.997783600360809,High_Check
Bunched Cilantro,Organic Avocado,0.007015190983416295,0.2193548387096774,1.4369057545683936,High_Check
Bunched Cilantro,Organic Garlic,0.00502927294766977,0.15725806451612903,1.6177678258115868,High_Check
Bunched Cilantro,Large Lemon,0.0079436721429861,0.24838709677419357,1.8470872464951684,High_Check
Bunched Cilantro,Cucumber Kirby,0.005570886957418823,0.17419354838709677,2.026404575941465,High_Check
Organic Cucumber,Bag of Organic Bananas,0.019678642354215563,0.3049560351718625,1.4809694829306894,High_Check
Organic Cucumber,Organic Strawberries,0.017512186315219353,0.2713828936850519,1.4957112916631865,High_Check
Organic Cucumber,Organic Hass Avocado,0.015835761999329432,0.24540367705835334,1.8425710245126905,High_Check
"Organic Baby Spinach, Organic Cucumber",Bag of Organic Bananas,0.005209810950919454,0.3470790378006873,1.6855330075959478,High_Check
"Bag of Organic Bananas, Organic Cucumber",Organic Baby Spinach,0.005209810950919454,0.26474442988204455,1.3862168507517236,High_Check
"Bag of Organic Bananas, Organic Cucumber",Organic Strawberries,0.006473576973667242,0.3289646133682831,1.813069645220816,High_Check
"Organic Cucumber, Organic Strawberries",Bag of Organic Bananas,0.006473576973667242,0.369661266568483,1.7951999359543829,High_Check
"Bag of Organic Bananas, Organic Hass Avocado",Organic Cucumber,0.006576741546952776,0.15088757396449703,2.338274942176436,High_Check
"Organic Cucumber, Organic Hass Avocado",Bag of Organic Bananas,0.006576741546952776,0.4153094462540716,2.016882910772685,High_Check
"Bag of Organic Bananas, Organic Cucumber",Organic Hass Avocado,0.006576741546952776,0.33420707732634336,2.509335981637163,High_Check
Organic Tomato Cluster,Organic Hass Avocado,0.012147628504371599,0.23920771965464702,1.79604975100109,High_Check
Organic Tomato Cluster,Organic Strawberries,0.012096046217728832,0.23819197562214323,1.3127814457423397,High_Check
Organic Fuji Apple,Banana,0.021122946380213035,0.3667711598746082,1.4396454931988443,High_Check
Organic Fuji Apple,Organic Avocado,0.012096046217728832,0.21003134796238246,1.3758312982844156,High_Check
Organic Fuji Apple,Large Lemon,0.010213292755267842,0.17733990147783255,1.318757192174914,High_Check
"Banana, Organic Fuji Apple",Organic Avocado,0.005184019807598071,0.2454212454212454,1.6076563522077967,High_Check
"Organic Avocado, Organic Fuji Apple",Banana,0.005184019807598071,0.42857142857142855,1.6822231220894917,High_Check
Organic Black Beans,Organic Garlic,0.005390348954169138,0.1500358937544867,1.5434708698707118,High_Check
Organic Black Beans,Organic Hass Avocado,0.007402058133237047,0.20603015075376885,1.5469417186630285,High_Check
Organic Black Beans,Organic Yellow Onion,0.005803007247311274,0.1615218951902369,1.8016940282540437,High_Check
Organic Black Beans,Limes,0.006886235266809378,0.1916726489590811,1.649295077250433,High_Check
Extra Virgin Olive Oil,Large Lemon,0.006138292110489258,0.17734724292101342,1.3188117855344177,High_Check
Extra Virgin Olive Oil,Limes,0.005751424960668506,0.1661698956780924,1.4298502807649083,High_Check
Organic Reduced Fat Milk,Organic Strawberries,0.0079436721429861,0.2592592592592593,1.4288925741662062,High_Check
Green Bell Pepper,Organic Baby Spinach,0.011193356201480412,0.25350467289719625,1.3273648456776488,High_Check
Green Bell Pepper,Organic Yellow Onion,0.008407912722771001,0.19042056074766356,2.1240438440360068,High_Check
Green Bell Pepper,Limes,0.008072627859593015,0.18282710280373832,1.5731813708409554,High_Check
Green Bell Pepper,Organic Garlic,0.006963608696773528,0.15771028037383178,1.6224199259577023,High_Check
Grape White/Green Seedless,Strawberries,0.006421994687024476,0.18499257057949478,1.3265612981466157,High_Check
Organic Peeled Whole Baby Carrots,Organic Strawberries,0.010084337038660924,0.24017199017199017,1.3236941826494064,High_Check
Organic Peeled Whole Baby Carrots,Organic Avocado,0.008768988729270368,0.20884520884520882,1.3680613756640112,High_Check
Raspberries,Strawberries,0.012792407087406185,0.3542857142857143,2.540543739596819,High_Check
Raspberries,Organic Blueberries,0.006215665540453408,0.17214285714285715,2.3199496002780675,High_Check
Organic Lacinato (Dinosaur) Kale,Organic Garlic,0.006550950403631393,0.20450885668276972,2.10385298491935,High_Check
Organic Lacinato (Dinosaur) Kale,Organic Baby Spinach,0.009052691305805586,0.2826086956521739,1.4797551595572906,High_Check
Organic Lacinato (Dinosaur) Kale,Bag of Organic Bananas,0.008872153302555903,0.27697262479871176,1.3450725928507579,High_Check
Organic Lacinato (Dinosaur) Kale,Organic Hass Avocado,0.006654114976916927,0.20772946859903382,1.5597007525155573,High_Check
Organic Lacinato (Dinosaur) Kale,Limes,0.005545095814097439,0.17310789049919484,1.4895499863127566,High_Check
Organic D'Anjou Pears,Organic Strawberries,0.009800634462125707,0.26334026334026334,1.4513847946683767,High_Check
Organic D'Anjou Pears,Bag of Organic Bananas,0.011554432207979779,0.31046431046431044,1.5077195277596078,High_Check
Organic D'Anjou Pears,Organic Hass Avocado,0.008717406442627602,0.23423423423423423,1.7587071967397296,High_Check
Organic D'Anjou Pears,Organic Raspberries,0.007247311273308746,0.19473319473319473,2.0874730880260324,High_Check
Organic Garnet Sweet Potato (Yam),Organic Baby Spinach,0.013488767957083538,0.3135491606714628,1.6417611892929949,High_Check
Organic Garnet Sweet Potato (Yam),Organic Avocado,0.00907848244912697,0.21103117505995206,1.3823807654332694,High_Check
Organic Garnet Sweet Potato (Yam),Organic Garlic,0.007556804993165347,0.17565947242206234,1.807069441289632,High_Check
Organic Garnet Sweet Potato (Yam),Organic Hass Avocado,0.007634178423129498,0.1774580335731415,1.3324129232632484,High_Check
Organic Garnet Sweet Potato (Yam),Organic Yellow Onion,0.00742784927655843,0.17266187050359713,1.9259547482842265,High_Check
Organic Garnet Sweet Potato (Yam),Large Lemon,0.008665824155984835,0.2014388489208633,1.4979648042210651,High_Check
Organic Garnet Sweet Potato (Yam),Limes,0.006937817553452144,0.16127098321342925,1.3876963675397898,High_Check
Organic Garnet Sweet Potato (Yam),Organic Zucchini,0.007556804993165347,0.17565947242206234,2.063267108215881,High_Check
Organic Blackberries,Organic Raspberries,0.006963608696773528,0.16906700062617408,1.8123402862257805,High_Check
Organic Blackberries,Organic Strawberries,0.00982642560544709,0.23857232310582344,1.3148777091374686,High_Check
Organic Blackberries,Strawberries,0.009387976168983571,0.2279273638071384,1.634441959847268,High_Check
100% Whole Wheat Bread,Strawberries,0.007840507569700565,0.2005277044854881,1.4379620281146346,High_Check
Red Onion,Banana,0.01072911562169551,0.3478260869565218,1.3652825338697328,High_Check
Red Onion,Large Lemon,0.006293038970417559,0.2040133779264214,1.5171098393442919,High_Check
Red Onion,Organic Avocado,0.007040982126737678,0.22826086956521738,1.4952455981841821,High_Check
Red Onion,Limes,0.00667990612023831,0.2165551839464883,1.863403050856012,High_Check
Red Onion,Cucumber Kirby,0.005158228664276687,0.16722408026755853,1.9453283120954237,High_Check
Organic Grape Tomatoes,Organic Avocado,0.015938926572614965,0.21049046321525888,1.378838778551315,High_Check
Organic Grape Tomatoes,Large Lemon,0.013411394527119386,0.1771117166212534,1.3170603353578556,High_Check
Organic Grape Tomatoes,Organic Baby Spinach,0.020581332370463983,0.27179836512261585,1.4231516557595116,High_Check
"Banana, Organic Grape Tomatoes",Organic Baby Spinach,0.005803007247311274,0.30120481927710846,1.577125517600449,High_Check
"Banana, Organic Grape Tomatoes",Organic Avocado,0.005158228664276687,0.2677376171352075,1.753841971478865,High_Check
"Organic Baby Spinach, Organic Grape Tomatoes",Organic Avocado,0.005596678100740206,0.2719298245614035,1.7813034444533367,High_Check
"Organic Avocado, Organic Grape Tomatoes",Organic Baby Spinach,0.005596678100740206,0.3511326860841424,1.8385506600324715,High_Check
"Bag of Organic Bananas, Organic Grape Tomatoes",Organic Strawberries,0.005106646377633921,0.27049180327868855,1.4908000978712994,High_Check
"Organic Grape Tomatoes, Organic Strawberries",Bag of Organic Bananas,0.005106646377633921,0.3162939297124601,1.5360301273473467,High_Check
"Organic Baby Spinach, Organic Grape Tomatoes",Bag of Organic Bananas,0.00585458953395404,0.2844611528822055,1.3814394139155504,High_Check
"Bag of Organic Bananas, Organic Grape Tomatoes",Organic Baby Spinach,0.00585458953395404,0.31010928961748635,1.6237498293502766,High_Check
Organic Gala Apples,Organic Strawberries,0.01080648905165966,0.2397025171624714,1.3211067090178399,High_Check
Organic Gala Apples,Bag of Organic Bananas,0.012843989374048952,0.28489702517162474,1.3835561569362984,High_Check
Organic Gala Apples,Organic Hass Avocado,0.008150001289557167,0.1807780320366133,1.3573405569627435,High_Check
Orange Bell Pepper,Limes,0.005467722384133289,0.16588419405320814,1.427391889930102,High_Check
Orange Bell Pepper,Large Lemon,0.0067572795502024606,0.20500782472613457,1.524504869218722,High_Check
Orange Bell Pepper,Organic Avocado,0.007015190983416295,0.21283255086071987,1.3941808573277061,High_Check
Broccoli Crown,Organic Baby Spinach,0.010651742191731359,0.26440460947503197,1.3844375318265245,High_Check
Broccoli Crown,Organic Avocado,0.010522786475124443,0.2612035851472471,1.711040143084003,High_Check
Broccoli Crown,Banana,0.01501044541304516,0.3725992317541613,1.4625217668358066,High_Check
Broccoli Crown,Limes,0.006138292110489258,0.15236875800256083,1.3110949520713029,High_Check
Broccoli Crown,Large Lemon,0.00915585587909112,0.22727272727272727,1.690073926840325,High_Check
Organic Italian Parsley Bunch,Organic Garlic,0.011967090501121914,0.2543859649122807,2.6169559611419104,High_Check
Organic Italian Parsley Bunch,Large Lemon,0.010032754752018157,0.21326754385964913,1.5859268274012612,High_Check
Organic Italian Parsley Bunch,Organic Small Bunch Celery,0.00884636215923452,0.1880482456140351,3.0558233978176794,High_Check
Organic Italian Parsley Bunch,Organic Hass Avocado,0.008433703866092384,0.1792763157894737,1.346065180500632,High_Check
Organic Italian Parsley Bunch,Organic Yellow Onion,0.008949526732520053,0.19024122807017543,2.1220434798518157,High_Check
Organic Italian Parsley Bunch,Limes,0.009774843318804323,0.20778508771929827,1.7879385721572019,High_Check
Organic Italian Parsley Bunch,Organic Cilantro,0.007866298713021948,0.16721491228070176,2.935003980923336,High_Check
Unsweetened Almondmilk,Organic Hass Avocado,0.006473576973667242,0.19015151515151515,1.4277197321784851,High_Check
Feta Cheese Crumbles,Organic Baby Spinach,0.010006963608696774,0.2977743668457406,1.559163474099919,High_Check
Feta Cheese Crumbles,Organic Avocado,0.008150001289557167,0.24251726784343824,1.5886335573734807,High_Check
Feta Cheese Crumbles,Large Lemon,0.006421994687024476,0.1910974673829624,1.4210629272803226,High_Check
Feta Cheese Crumbles,Cucumber Kirby,0.005519304670776055,0.1642363775901765,1.910572177708945,High_Check
Feta Cheese Crumbles,Organic Grape Tomatoes,0.005209810950919454,0.15502686108979277,2.0472944431316535,High_Check
Feta Cheese Crumbles,Limes,0.005261393237562221,0.15656178050652342,1.3471748592053778,High_Check
Yellow Onions,Large Lemon,0.01410775539679674,0.2206534893102057,1.640851120257884,High_Check
Yellow Onions,Organic Avocado,0.013076109663941403,0.20451795078660748,1.3397152400488481,High_Check
Yellow Onions,Limes,0.01139968534805148,0.17829770068576037,1.5342070014844622,High_Check
Yellow Onions,Banana,0.02207721868310422,0.345300524405002,1.3553692278553495,High_Check
Yellow Onions,Organic Garlic,0.010342248471874758,0.16175877369907218,1.6640681699745625,High_Check
"Banana, Yellow Onions",Organic Avocado,0.005235602094240838,0.2371495327102804,1.5534716728798281,High_Check
"Organic Avocado, Yellow Onions",Banana,0.005235602094240838,0.4003944773175543,1.5716233113012283,High_Check
"Banana, Yellow Onions",Organic Baby Spinach,0.005545095814097439,0.25116822429906543,1.3151310682981314,High_Check
"Organic Baby Spinach, Yellow Onions",Banana,0.005545095814097439,0.388086642599278,1.523312754960701,High_Check
Organic Whole String Cheese,Bag of Organic Bananas,0.01462357826322441,0.2996828752642706,1.4553612378033023,High_Check
Organic Whole String Cheese,Organic Strawberries,0.014133546540118124,0.28964059196617337,1.5963375511449096,High_Check
Organic Whole String Cheese,Organic Whole Milk,0.009026900162484202,0.18498942917547567,2.1021673908032588,High_Check
Seedless Red Grapes,Strawberries,0.013256647667191087,0.21497281472187368,1.541546318700057,High_Check
Organic Granny Smith Apple,Bag of Organic Bananas,0.011889717071157765,0.2785498489425982,1.3527321258831864,High_Check
Organic Granny Smith Apple,Organic Hass Avocado,0.008433703866092384,0.197583081570997,1.4835183620744126,High_Check
Organic Granny Smith Apple,Limes,0.0067572795502024606,0.1583081570996979,1.3622019918390116,High_Check
Organic Granny Smith Apple,Organic Raspberries,0.007221520129987362,0.1691842900302115,1.8135975884272575,High_Check
Organic Kiwi,Organic Hass Avocado,0.008382121579449618,0.2138157894736842,1.605398839129194,High_Check
Organic Kiwi,Organic Raspberries,0.006963608696773528,0.17763157894736842,1.9041496296727443,High_Check
Organic Kiwi,Bag of Organic Bananas,0.0124571222242282,0.3177631578947368,1.543165195522624,High_Check
Organic Kiwi,Organic Strawberries,0.011812343641193613,0.30131578947368415,1.6606847342236184,High_Check
Red Peppers,Organic Baby Spinach,0.01072911562169551,0.25774473358116484,1.3495660439085082,High_Check
Red Peppers,Limes,0.007608387279808114,0.18277571251548946,1.5727391702980633,High_Check
Red Peppers,Organic Garlic,0.006396203543703093,0.1536555142503098,1.5807071515063045,High_Check
Red Peppers,Organic Avocado,0.00884636215923452,0.21251548946716237,1.3921039150380616,High_Check
Red Peppers,Organic Zucchini,0.006912026410130761,0.16604708798017348,1.9503616304923557,High_Check
